snp	pvalues.df1	MAF.df1	N.df1	V.df1	z.df1	r.df1	lABF.df1	pvalues.df2	MAF.df2	N.df2	V.df2	z.df2	r.df2	lABF.df2	internal.sum.lABF	SNP.PP.H4
rs1023448	1.24e-147	0.3867	41505	0.000221382266869887	25.8760236961044	0.994495906048156	330.340485359108	0.765933611528345	0.3867	982	0.00214689784364061	0.297698076640396	0.912893790640084	-1.17986133806658	329.160624021041	9.13366245745817e-104
rs1023449	2.146e-147	0.3877	41505	0.000221171878433951	25.8548495680534	0.994501108045722	329.797087680834	0.765933611528345	0.3877	982	0.00214485756062326	0.297698076640396	0.912969366718912	-1.18029199311851	328.616795687715	5.30228800383131e-104
rs1049056	4.069e-82	0.2008	41505	0.000327167972938779	19.1950743374516	0.991887157234589	180.323693913657	2.80364626591483e-21	0.2008	982	0.00317277542389315	9.46980573202623	0.876414786811857	38.251808900272	218.575502813929	8.59284616808242e-152
rs1049059	1.704e-84	0.1998	41505	0.000328394546193985	19.4774998040108	0.991856989352308	185.736582469581	5.22335772202594e-20	0.1998	982	0.00318467035799923	9.1593030245617	0.87600890672878	35.7016612034791	221.43824367306	1.50456028986521e-150
rs1049107	9.219e-78	0.1958	41505	0.000333436555312092	18.6668145358246	0.991732999124564	170.38692263153	2.80364626591483e-21	0.1958	982	0.00323356622782805	9.46980573202623	0.874344418523256	38.1672833535805	208.554205985111	3.8189425286124e-156
rs1063349	4.966e-223	0.4254	41505	0.000214796331446501	31.8805612169891	0.994658773609689	502.854610136216	1.19441214928986e-32	0.4254	982	0.00208302944641648	11.8992320442388	0.915265551344807	63.5628967966414	566.417506932857	1
rs1130398	1.052e-25	0.3946	41505	0.000219781164107056	10.4813776364258	0.994535495774821	52.0247343967613	1.4725139776038e-53	0.3946	982	0.00213137083636234	15.4068339980357	0.913469256318618	107.191714755818	159.216449152579	1.42832678627772e-177
rs1130432	2.272e-67	0.2445	41505	0.000284234397836249	17.3418757526841	0.992944277033312	146.832397827281	2.80364626591483e-21	0.2445	982	0.00275641867991973	9.46980573202623	0.890862647042226	38.8374690270059	185.669866854287	4.39947562832631e-166
rs1135216	2.156e-09	0.1571	41505	0.000396495011876358	5.98559517847496	0.990184915504184	15.4259331670768	0.00544666659180507	0.1571	982	0.00384508794695786	2.77935677929137	0.854049151223203	2.33644705270831	17.7623802197851	5.27358560948342e-239
rs116212553	3.517e-05	0.07654	41505	0.00074281971281964	4.13711491344392	0.981768082865754	6.39954294485202	0.446246771719856	0.07654	982	0.00720363948844877	0.761687107712401	0.757482934330315	-0.488608203105446	5.91093474174657	3.75914109616675e-244
rs116383515	1.542e-18	0.06064	41505	0.000921719363483157	8.78656680484851	0.977476035273687	35.8358230483381	1.02222074115631e-05	0.06064	982	0.00893855385023592	4.41241893391016	0.715681774269371	6.33813140768667	42.1739544560248	2.1082299850813e-228
rs11759423	2.508e-31	0.07356	41505	0.000770426031388111	11.6424189465703	0.981103311729071	64.5078906775299	8.72160242792438e-30	0.07356	982	0.00747135716359725	11.3358153715336	0.750716755240172	47.5392353303115	112.047126007841	4.67144052543164e-198
rs12200954	2.165e-122	0.4682	41505	0.000210867779371697	23.5268879008076	0.994755950542309	272.680567920726	0.341980352646231	0.4682	982	0.00204493154409903	0.950259617272424	0.916686198923596	-0.82868976582283	271.851878154903	1.17970348769172e-128
rs146894983	4.562e-05	0.07753	41505	0.000734121480421619	4.07700251258278	0.981977726443064	6.15311865033098	0.55667613880793	0.07753	982	0.00711928667806865	0.58778570715277	0.759640171100404	-0.58158428043089	5.57153436990009	2.67724994455778e-244
rs1573646	3.804e-114	0.4612	41505	0.000211287148136009	22.707190243075	0.994745576102609	253.829268112409	0.0305583735360921	0.4612	982	0.00204899845473519	2.16277650479364	0.916534336074311	0.901931546754613	254.731199659163	4.32869180797535e-136
rs1573647	5.367e-115	0.4573	41505	0.0002115577521747	22.7931064775652	0.994738881953329	255.772502563991	0.0339783831125424	0.4573	982	0.00205162269034069	2.12032812853362	0.916436370979754	0.818979908555239	256.591482472546	2.78142418666659e-135
rs1573648	3.921e-114	0.4583	41505	0.000211485830018695	22.705858680348	0.994740661140633	253.798392328925	0.0339783831125424	0.4583	982	0.00205092521116216	2.12032812853362	0.91646240646647	0.818882626932221	254.617274955857	3.86260053432943e-136
rs1573649	4.383e-114	0.4602	41505	0.000211354000402037	22.7009619778692	0.994743922316072	253.688335337663	0.0305583735360921	0.4602	982	0.00204964676766381	2.16277650479364	0.916510132016907	0.902019911357752	254.590355249021	3.76000754238817e-136
rs17612928	6.053e-204	0.4145	41505	0.000216340850446764	30.4723848327672	0.994620573481529	459.172955024541	1.20948545769699e-31	0.4145	982	0.00209800772158734	11.7044446182077	0.914708225750083	61.4239416025378	520.596896627079	1.25997459001186e-20
rs1800454	6.557e-31	0.1531	41505	0.000404932507990393	11.5601815680067	0.989978141705587	63.8477560350505	7.18634416580535e-10	0.1531	982	0.00392691221621423	6.16193039310459	0.851404803403219	15.2103941476759	79.0581501827265	2.20049638532556e-212
rs1978029	4.481e-114	0.4573	41505	0.0002115577521747	22.699989744935	0.994738881953329	253.665561816469	0.0339783831125424	0.4573	982	0.00205162269034069	2.12032812853362	0.916436370979754	0.818979908555239	254.484541725024	3.38247415202986e-136
rs2006163	4.24e-146	0.4006	41505	0.000218656445219194	25.7393684283095	0.994563308062838	326.849306076584	0.765933611528345	0.4006	982	0.00212046365491012	0.297698076640396	0.913873934925379	-1.18547594357039	325.663830133013	2.76698412777613e-105
rs2006165	5.156e-158	0.3877	41505	0.000221171878433951	26.7825820720752	0.994501108045722	354.079550861353	0.765933611528345	0.3877	982	0.00214485756062326	0.297698076640396	0.912969366718912	-1.18029199311851	352.899258868234	1.86295806844803e-93
rs2008560	1.649e-131	0.4602	41505	0.000211354000402037	24.4014905327932	0.994743922316072	293.527364632986	0.959417465701576	0.4602	982	0.00204964676766381	0.0508846142184772	0.916510132016907	-1.24032846384012	292.287036169146	8.84401001653431e-120
rs2051549	2.956e-147	0.3837	41505	0.000222027106917925	25.8424793267447	0.994479962277194	329.473949871696	0.796917855651451	0.3837	982	0.00215315130616134	0.257338005871594	0.912662228068863	-1.18876657419075	328.285183297505	3.8057993040843e-104
rs2071550	2.051e-51	0.3509	41505	0.000230512770009467	15.0844099376457	0.994270200548343	110.536796578137	0.00945536251361614	0.3509	982	0.00223544268410535	2.59513553410593	0.909625927756619	1.8611428707898	112.397939448927	6.6344842224896e-198
rs2071551	2.114e-147	0.3837	41505	0.000222027106917925	25.8554297769726	0.994479962277194	329.806857607527	0.796917855651451	0.3837	982	0.00215315130616134	0.257338005871594	0.912662228068863	-1.18876657419075	328.618091033336	5.30916074970756e-104
rs2301271	4.245e-149	0.3847	41505	0.000221809869089084	26.0059165737508	0.994485333459359	333.688870660882	0.796917855651451	0.3847	982	0.00215104459981629	0.257338005871594	0.912740225222248	-1.18921071699206	332.49965994389	2.5749561283221e-102
rs2395257	1.52e-147	0.3857	41505	0.000221594926441007	25.8681659581605	0.994490647950528	330.137026344693	0.765933611528345	0.3857	982	0.00214896015143573	0.297698076640396	0.91281741143508	-1.17942648897287	328.95759985572	7.45542976351721e-104
rs2395261	2.67e-147	0.3857	41505	0.000221594926441007	25.8464108045432	0.994490647950528	329.577596235678	0.765933611528345	0.3857	982	0.00214896015143573	0.297698076640396	0.91281741143508	-1.17942648897287	328.398169746705	4.26103669039949e-104
rs2395263	2.563e-147	0.3857	41505	0.000221594926441007	25.8479908238941	0.994490647950528	329.618210316274	0.765933611528345	0.3857	982	0.00214896015143573	0.297698076640396	0.91281741143508	-1.17942648897287	328.438783827301	4.43765713919944e-104
rs241447	1.736e-29	0.2763	41505	0.000262573267946266	11.2753938479081	0.99347847773666	60.6363742285149	2.22928661134984e-16	0.2763	982	0.00254635563508264	8.20905900759302	0.898334285746708	29.1257347087885	89.7621089373034	9.79920585518565e-208
rs241448	6.248e-29	0.2763	41505	0.000262573267946266	11.1621250180801	0.99347847773666	59.3739256069222	2.22928661134984e-16	0.2763	982	0.00254635563508264	8.20905900759302	0.898334285746708	29.1257347087885	88.4996603157107	2.77278637348507e-208
rs2647032	3.256e-216	0.09841	41505	0.000591754608742887	31.3848610316266	0.985421802667889	483.210805440452	0.0012019898639793	0.09841	982	0.00573865608766744	3.23840751123395	0.79678012757223	3.38129604116399	486.592101481616	2.14915083477125e-35
rs2647084	8.55e-121	0.3469	41505	0.000231742657706903	23.3703992596091	0.994239805626155	268.936350048681	2.33750290556075e-10	0.3469	982	0.00224736976066338	6.33735019896676	0.909187530537664	17.0579188933769	285.994268942058	1.63581860431363e-122
rs2647085	4.92e-60	0.2783	41505	0.000261408710796441	16.3424922989788	0.993507214000529	130.152958408509	1.17739403472588e-06	0.2783	982	0.00253506211429118	4.85940442477016	0.898739531672899	9.46630328918369	139.619261697693	4.40430319442564e-186
rs2854272	3.683e-216	0.3787	41505	0.000223148158980063	31.3809384033661	0.994452245306656	487.052853945464	7.21293158763937e-06	0.3787	982	0.00216402292785374	4.48730636937148	0.912259936905514	7.96790751648412	495.020761461948	9.83529557628304e-32
rs3189152	3.138e-186	0.3549	41505	0.000229327916639695	29.1046173790943	0.994299484268917	418.541384199335	0.000200739069825111	0.3549	982	0.00222395233675026	3.71808457471871	0.91004867237814	5.08608271929479	423.62746691863	9.70674344415426e-63
rs3213483	6.243e-148	0.4235	41505	0.000215048907514865	25.9024909034339	0.994652526520372	331.060037614968	0.765933611528345	0.4235	982	0.00208547885225279	0.297698076640396	0.915174365128882	-1.19302546918691	329.867012145781	1.85108099731127e-103
rs3213484	8.001e-149	0.3867	41505	0.000221382266869887	25.9815687607158	0.994495906048156	333.062079017989	0.765933611528345	0.3867	982	0.00214689784364061	0.297698076640396	0.912893790640084	-1.17986133806658	331.882217679922	1.38873079439509e-102
rs3213485	7.495e-149	0.3877	41505	0.000221171878433951	25.9840794215483	0.994501108045722	333.128237364341	0.765933611528345	0.3877	982	0.00214485756062326	0.297698076640396	0.912969366718912	-1.18029199311851	331.947945371222	1.48307542819108e-102
rs3213486	1.703e-148	0.3867	41505	0.000221382266869887	25.9525206110676	0.994495906048156	332.311936126378	0.765933611528345	0.3867	982	0.00214689784364061	0.297698076640396	0.912893790640084	-1.17986133806658	331.132074788312	6.55896249265996e-103
rs3213487	1.634e-148	0.3867	41505	0.000221382266869887	25.9541119018287	0.994495906048156	332.353008083682	0.765933611528345	0.3867	982	0.00214689784364061	0.297698076640396	0.912893790640084	-1.17986133806658	331.173146745616	6.83396061886147e-103
rs3213489	1.894e-148	0.3867	41505	0.000221382266869887	25.9484304184867	0.994495906048156	332.206377901932	0.765933611528345	0.3867	982	0.00214689784364061	0.297698076640396	0.912893790640084	-1.17986133806658	331.026516563866	5.90189927068608e-103
rs3213490	2.755e-123	0.4682	41505	0.000210867779371697	23.6141959107986	0.994755950542309	274.727673314717	0.341980352646231	0.4682	982	0.00204493154409903	0.950259617272424	0.916686198923596	-0.82868976582283	273.898983548894	9.13733273227143e-128
rs34230758	1.523e-81	0.1928	41505	0.000337366366791926	19.1263763217618	0.991636380924718	178.98742124436	1.06274059450693e-18	0.1928	982	0.00327167634347217	8.82830486103598	0.873051473258127	32.9903780713278	211.977799315688	1.17163089308896e-154
rs34276369	7.44e-122	0.2276	41505	0.000298658888221591	23.4744541922673	0.992588862844047	271.030660554372	5.55667150937724e-78	0.2276	982	0.0028963029974026	18.6938391581645	0.885955723646122	153.717292097381	424.747952651753	2.97642073958399e-62
rs3656	5.351e-27	0.1451	41505	0.000423260009531243	10.7594128624246	0.989529295523631	54.9968252171177	0.196696522637179	0.1451	982	0.00410464674795293	1.29102063398258	0.845716923557019	-0.229690409875408	54.7671348072423	6.20964427724486e-223
rs3891175	8.457e-162	0.171	41505	0.000370373005662515	27.1056046682996	0.9908256233944	361.640961231346	0.00228567576052633	0.171	982	0.00359176468125552	3.05035952415176	0.862341059520751	3.02042145841827	364.661382689764	2.39016867886228e-88
rs3957147	0.8079	0.171	41505	0.000370373005662515	0.24313605658171	0.9908256233944	-2.31638401740467	0.00267314641586709	0.171	982	0.00359176468125552	3.00302025259376	0.862341059520751	2.89686411506865	0.580480097663976	1.82012656766215e-246
rs4248169	1.411e-147	0.3936	41505	0.000219976194431285	25.8710380923255	0.994530673181708	330.220666878319	0.765933611528345	0.3936	982	0.00213326218108679	0.297698076640396	0.913399120043277	-1.18274804319753	329.037918835122	8.07894725357745e-104
rs4305772	4.838e-148	0.3857	41505	0.000221594926441007	25.9123174861187	0.994490647950528	331.273822370143	0.796917855651451	0.3857	982	0.00214896015143573	0.257338005871594	0.91281741143508	-1.18965063529011	330.084171734853	2.30004659260044e-103
rs4947346	1.413e-147	0.3867	41505	0.000221382266869887	25.8709834240327	0.994495906048156	330.210793647844	0.765933611528345	0.3867	982	0.00214689784364061	0.297698076640396	0.912893790640084	-1.17986133806658	329.030932309777	8.02270019836353e-104
rs57952004	0.0005734	0.07753	41505	0.000734121480421619	3.44389421628995	0.981977726443064	3.8152545002967	0.616028932068066	0.07753	982	0.00711928667806865	0.501486278900078	0.759640171100404	-0.617288716685037	3.19796578361166	2.49379746309706e-245
rs6457646	4.62e-123	0.4682	41505	0.000210867779371697	23.5923322288221	0.994755950542309	274.214325269545	0.341980352646231	0.4682	982	0.00204493154409903	0.950259617272424	0.916686198923596	-0.82868976582283	273.385635503723	5.4685881436905e-128
rs67147537	1.94e-82	0.1978	41505	0.000330888003577324	19.2335206594355	0.991795667788223	181.045104602181	2.80364626591483e-21	0.1978	982	0.00320885114878789	9.46980573202623	0.87518496527842	38.2016164196633	219.246721021844	1.68129298459727e-151
rs6902711	4.413e-114	0.4583	41505	0.000211485830018695	22.7006620701696	0.994740661140633	253.681032831744	0.0339783831125424	0.4583	982	0.00205092521116216	2.12032812853362	0.91646240646647	0.818882626932221	254.499915458676	3.43487719179234e-136
rs6902723	7.685e-114	0.4602	41505	0.000211354000402037	22.6762600510872	0.994743922316072	253.130828710993	0.0305583735360921	0.4602	982	0.00204964676766381	2.16277650479364	0.916510132016907	0.902019911357752	254.03284862235	2.15311221362691e-136
rs6903130	1.068e-113	0.4602	41505	0.000211354000402037	22.6617704169068	0.994743922316072	252.804089414458	0.0305583735360921	0.4602	982	0.00204964676766381	2.16277650479364	0.916510132016907	0.902019911357752	253.706109325816	1.55297902840194e-136
rs6919798	6.957e-07	0.07256	41505	0.00078020165998002	4.96256018127122	0.980868126487327	10.0997216356445	0.243505487238842	0.07256	982	0.00756615823434668	1.16626953309084	0.748349683542099	-0.180910527718594	9.91881110792589	2.06865094955526e-242
rs72844399	2.109e-81	0.1938	41505	0.000336041875860126	19.1093949262906	0.991668942706517	178.669482948068	6.98140426103775e-21	0.1938	982	0.00325883183354097	9.37403105509155	0.873486815916178	37.3440124923334	216.013495440401	6.62935646665174e-153
rs7453920	1.757e-147	0.3837	41505	0.000222027106917925	25.862572306855	0.994479962277194	329.990536751474	0.796917855651451	0.3837	982	0.00215315130616134	0.257338005871594	0.912662228068863	-1.18876657419075	328.801770177284	6.37964795142867e-104
rs762815	4.478e-144	0.3837	41505	0.000222027106917925	25.5579659357786	0.994479962277194	322.202255215466	0.796917855651451	0.3837	982	0.00215315130616134	0.257338005871594	0.912662228068863	-1.18876657419075	321.013488641275	2.64477675415174e-107
rs7753017	1.443e-147	0.4095	41505	0.000217128163399997	25.8701725443774	0.994601102233908	330.215484615669	0.765933611528345	0.4095	982	0.00210564284297925	0.297698076640396	0.914424392143851	-1.18865745581149	329.026827159858	7.98983331918003e-104
rs7753557	1.533e-147	0.3867	41505	0.000221382266869887	25.867837227906	0.994495906048156	330.129851388797	0.765933611528345	0.3867	982	0.00214689784364061	0.297698076640396	0.912893790640084	-1.17986133806658	328.94999005073	7.39891071910163e-104
rs7756516	2.275e-122	0.4682	41505	0.000210867779371697	23.5247850796134	0.994755950542309	272.631356719561	0.341980352646231	0.4682	982	0.00204493154409903	0.950259617272424	0.916686198923596	-0.82868976582283	271.802666953738	1.12305418421874e-128
rs7757475	5.17e-10	0.08151	41505	0.000701301295964618	6.21385572733119	0.982769560833817	16.9428117455015	0.202100221357583	0.08151	982	0.00680100651843855	1.27559076214261	0.767891709994371	-0.105545117225542	16.837266628276	2.09090486281315e-239
rs7768538	2.642e-147	0.3837	41505	0.000222027106917925	25.8468180747474	0.994479962277194	329.58546430893	0.796917855651451	0.3837	982	0.00215315130616134	0.257338005871594	0.912662228068863	-1.18876657419075	328.396697734739	4.25476900758515e-104
rs7769959	2.456e-122	0.4682	41505	0.000210867779371697	23.5215365216144	0.994755950542309	272.555341098511	0.341980352646231	0.4682	982	0.00204493154409903	0.950259617272424	0.916686198923596	-0.82868976582283	271.726651332689	1.04084855950401e-128
rs7769974	2.783e-122	0.4682	41505	0.000210867779371697	23.5162313926848	0.994755950542309	272.431224690621	0.341980352646231	0.4682	982	0.00204493154409903	0.950259617272424	0.916686198923596	-0.82868976582283	271.602534924798	9.19357608168412e-129
rs7769979	2.43e-122	0.4682	41505	0.000210867779371697	23.5219881723101	0.994755950542309	272.565909008048	0.341980352646231	0.4682	982	0.00204493154409903	0.950259617272424	0.916686198923596	-0.82868976582283	271.737219242225	1.05190647955821e-128
rs7770045	2.372e-122	0.4682	41505	0.000210867779371697	23.5230133333019	0.994755950542309	272.589896901405	0.341980352646231	0.4682	982	0.00204493154409903	0.950259617272424	0.916686198923596	-0.82868976582283	271.761207135582	1.07744457802225e-128
rs7774452	2.222e-122	0.4682	41505	0.000210867779371697	23.5257852799217	0.994755950542309	272.65476332458	0.341980352646231	0.4682	982	0.00204493154409903	0.950259617272424	0.916686198923596	-0.82868976582283	271.826073558757	1.1496511277058e-128
rs7774644	1.158e-09	0.08151	41505	0.000701301295964618	6.08595356931936	0.982769560833817	16.1697788929467	0.202100221357583	0.08151	982	0.00680100651843855	1.27559076214261	0.767891709994371	-0.105545117225542	16.0642337757212	9.6518457011987e-240
rs7774929	1.541e-09	0.08151	41505	0.000701301295964618	6.04001489676859	0.982769560833817	15.8960525613615	0.202100221357583	0.08151	982	0.00680100651843855	1.27559076214261	0.767891709994371	-0.105545117225542	15.7905074441359	7.34061649210813e-240
rs7774954	1.585e-09	0.08151	41505	0.000701301295964618	6.03547068784797	0.982769560833817	15.8690885442086	0.202100221357583	0.08151	982	0.00680100651843855	1.27559076214261	0.767891709994371	-0.105545117225542	15.7635434269831	7.14532868695738e-240
rs7774973	1.518e-09	0.08151	41505	0.000701301295964618	6.0424408588077	0.982769560833817	15.9104558251731	0.202100221357583	0.08151	982	0.00680100651843855	1.27559076214261	0.767891709994371	-0.105545117225542	15.8049107079476	7.44711041698864e-240
rs7775664	5.128e-10	0.08151	41505	0.000701301295964618	6.21513666061665	0.982769560833817	16.9506349401157	0.202100221357583	0.08151	982	0.00680100651843855	1.27559076214261	0.767891709994371	-0.105545117225542	16.8450898228902	2.10732656982569e-239
rs9273226	2.057e-191	0.3996	41505	0.00021883853752867	29.5113805809093	0.994558805139923	430.484486573589	1.6094945645441e-32	0.3996	982	0.00212222953070535	11.874313723233	0.913808393019048	63.1975926997203	493.68207927331	2.57872558156806e-32
rs9273463	2.305e-214	0.1869	41505	0.000345490972890563	31.2489785344919	0.991436689341004	481.688164832904	0.0019449241351255	0.1869	982	0.00335046630059121	3.09851608280186	0.870390488835608	3.15660878160018	484.844773614504	3.74465702038281e-36
rs9273504	1.939e-215	0.2008	41505	0.000327167972938779	31.3280162843079	0.991887157234589	484.333995802902	0.00241214272448947	0.2008	982	0.00317277542389315	3.03415023951448	0.876414786811857	2.98875473203706	487.322750534939	4.46255671770124e-35
rs9273529	2.508e-215	0.1968	41505	0.000332155289599431	31.3198100363782	0.991764504346112	484.026375055472	0.0025511789829472	0.1968	982	0.00322114090291591	3.01720419299848	0.874766795334855	2.94294018668428	486.969315242156	3.13392610164388e-35
rs9273595	7.965e-216	0.2227	41505	0.000303306056257582	31.3563741440678	0.9924744125002	485.466714185316	0.00480176416970637	0.2227	982	0.00294136981859189	2.82004014585831	0.884386342419251	2.43784650570558	487.904560691022	7.98473834613121e-35
rs9273873	1.745e-216	0.2018	41505	0.000325954575382026	31.4047087220702	0.99191700286294	486.732917567155	0.00307376474737339	0.2018	982	0.0031610082637005	2.96026304340826	0.876816677224176	2.79480042476314	489.527717991918	4.04751948588118e-34
rs9273912	4.215e-74	0.1909	41505	0.000339924006837833	18.2110863215035	0.991573508993715	162.036348902198	2.80364626591483e-21	0.1909	982	0.00329647955818762	9.46980573202623	0.872212037663824	38.0800841903387	200.116433092537	8.26922703667661e-160
rs9274500	4.249e-185	0.3579	41505	0.000228468115042295	29.0150570554683	0.994320735395916	415.960689916303	3.68851292191742e-06	0.3579	982	0.00221561424255005	4.62820360330479	0.910355687671493	8.54407891082889	424.504768827131	2.33389293263529e-62
rs9274514	8.426e-164	0.1918	41505	0.000338705709837774	27.2748798663947	0.991603456187362	366.44639376939	0.00203511261256621	0.1918	982	0.00328466488468499	3.08505975530289	0.872611689957005	3.12232410975173	369.568717879142	3.23338295545867e-86
rs9276557	1.086e-10	0.07256	41505	0.00078020165998002	6.45446761130829	0.980868126487327	18.4533579097901	0.243505487238842	0.07256	982	0.00756615823434668	1.16626953309084	0.748349683542099	-0.180910527718594	18.2724473820715	8.78264552401246e-239
rs9276558	3.943e-148	0.3867	41505	0.000221382266869887	25.9201988841407	0.994495906048156	331.478242314784	0.765933611528345	0.3867	982	0.00214689784364061	0.297698076640396	0.912893790640084	-1.17986133806658	330.298380976718	2.84948598606402e-103
rs9276568	4.268e-146	0.3857	41505	0.000221594926441007	25.7391130915711	0.994490647950528	326.82533902328	0.765933611528345	0.3857	982	0.00214896015143573	0.297698076640396	0.91281741143508	-1.17942648897287	325.645912534307	2.71784793241554e-105
rs9276576	0.4257	0.1759	41505	0.000362196469983811	0.796571387957078	0.991026343914332	-2.04231506867675	0.000344980788674693	0.1759	982	0.00351247112687441	3.57894747421779	0.864969725108294	4.53851209542314	2.49619702674639	1.23619470807092e-245
rs9276577	0.298	0.169	41505	0.000373854178039665	1.04073188646754	0.990740191006015	-1.804489254411	0.000401469548447157	0.169	982	0.00362552403143074	3.53911589838724	0.861226744119314	4.40612250634558	2.60163325193458	1.37365367037191e-245
rs9276578	0.2964	0.169	41505	0.000373854178039665	1.04418457952392	0.990740191006015	-1.80092329483057	0.000401469548447157	0.169	982	0.00362552403143074	3.53911589838724	0.861226744119314	4.40612250634558	2.60519921151501	1.37856080796518e-245
rs9276580	2.497e-147	0.4264	41505	0.000214666180082284	25.8489986026566	0.994661992738644	329.685562845255	0.765933611528345	0.4264	982	0.0020817672780995	0.297698076640396	0.915312546305237	-1.19383451150628	328.491728333749	4.67893758437536e-104
rs9276581	2.387e-147	0.4225	41505	0.000215184638580753	25.8507388645715	0.994649169448937	329.727223294266	0.765933611528345	0.4225	982	0.00208679513081832	0.297698076640396	0.91512537035774	-1.19273892665728	328.534484367609	4.88332873976675e-104
rs9276582	0.415	0.1541	41505	0.000402780376220271	0.815126332701156	0.990030874794515	-1.9752276492443	0.00154628090457279	0.1541	982	0.00390604149733583	3.16585455165111	0.852077733887909	3.31449789109023	1.33927024184593	3.8872275269724e-246
rs9276583	2.23e-147	0.3837	41505	0.000222027106917925	25.8533666797086	0.994479962277194	329.753811908855	0.796917855651451	0.3837	982	0.00215315130616134	0.257338005871594	0.912662228068863	-1.18876657419075	328.565045334664	5.03487184586396e-104
rs9276584	0.5731	0.1759	41505	0.000362196469983811	0.563491862090952	0.991026343914332	-2.19939417992129	0.000344980788674693	0.1759	982	0.00351247112687441	3.57894747421779	0.864969725108294	4.53851209542314	2.33911791550185	1.05649705037456e-245
rs9276585	0.5569	0.1759	41505	0.000362196469983811	0.587452266274208	0.991026343914332	-2.18572937031239	0.000344980788674693	0.1759	982	0.00351247112687441	3.57894747421779	0.864969725108294	4.53851209542314	2.35278272511075	1.07103297052417e-245
rs9276586	7.943e-114	0.4583	41505	0.000211485830018695	22.6748066426407	0.994740661140633	253.097516894107	0.0339783831125424	0.4583	982	0.00205092521116216	2.12032812853362	0.91646240646647	0.818882626932221	253.916399521039	1.91643221370013e-136
rs9276587	9.812e-114	0.4622	41505	0.000211222037623804	22.6655033848731	0.994747186807052	252.888775251519	0.0305583735360921	0.4622	982	0.00204836703280502	2.16277650479364	0.916557910753587	0.901845439475746	253.790620690995	1.68992881260305e-136
rs9276589	6.623e-114	0.4602	41505	0.000211354000402037	22.6828049156565	0.994743922316072	253.278482996494	0.0339783831125424	0.4602	982	0.00204964676766381	2.12032812853362	0.916510132016907	0.81870417423054	254.097187170725	2.29619380573441e-136
rs9348894	1.738e-51	0.3509	41505	0.000230512770009467	15.0953361133012	0.994270200548343	110.700726483021	0.00945536251361614	0.3509	982	0.00223544268410535	2.59513553410593	0.909625927756619	1.8611428707898	112.561869353811	7.81629638078977e-198
rs9378124	1.82e-120	0.3479	41505	0.000231430896636694	23.338109095053	0.994247510181	268.188010160428	2.33750290556075e-10	0.3479	982	0.00224434639669287	6.33735019896676	0.909298618734466	17.0595376463228	285.247547806751	7.75243751641321e-123
rs9461807	1.588e-20	0.08549	41505	0.000671562119418961	9.28693174670871	0.983488165085788	40.359662741199	1.74912333771678e-07	0.08549	982	0.00651260503578933	5.2241971606746	0.77552498206364	9.83590997861578	50.1955727198148	6.42188514324067e-225
rs9461808	1.571e-20	0.08549	41505	0.000671562119418961	9.28807762316565	0.983488165085788	40.3701293497162	1.74912333771678e-07	0.08549	982	0.00651260503578933	5.2241971606746	0.77552498206364	9.83590997861578	50.206039328332	6.48945348985298e-225
