snp	V.df1	z.df1	r.df1	lABF.df1	pvalues.df2	MAF.df2	N.df2	V.df2	z.df2	r.df2	lABF.df2	internal.sum.lABF	SNP.PP.H4
rs1033459	0.000137992009	1.04068865434314	0.99656205998125	-2.29678667275599	0.000606085183454173	0.1958	982	0.00323356622782805	3.42887653000661	0.874344418523256	4.10281329092444	1.80602661816845	1.36037229846866e-15
rs1033460	0.000137992009	1.02386823978194	0.99656205998125	-2.31409033001745	0.000606085183454173	0.1958	982	0.00323356622782805	3.42887653000661	0.874344418523256	4.10281329092444	1.78872296090699	1.33703537184351e-15
rs1058167	0.000107682129	-6.59014289934132	0.997315174468231	18.696620986691	0.00511778227194779	0.339	982	0.00227225652314631	2.79952519369415	0.908274140427087	2.36475175205065	21.0613727387417	3.13435618005375e-07
rs1063392	9.145670689e-05	-6.14133354216881	0.99771879810807	15.7734435436061	1.74083438990992e-08	0.4742	982	0.00204209708381188	5.63596232430568	0.916792070504893	13.3173180423868	29.0907615859929	0.000962205015742525
rs1065852	0.0001371241	-0.148720372186401	0.996583609237713	-2.8285642157992	0.00499970558885696	0.2018	982	0.0031610082637005	2.80705273645517	0.876816677224176	2.40741745900864	-0.421146756790554	1.46692757604736e-16
rs1080983	0.000108472225	-6.08716645510972	0.997295528376362	15.5202681678872	0.00424528047652086	0.338	982	0.00227553660885117	2.8593366106737	0.908153892092161	2.51862453193044	18.0388926998177	1.52581522630346e-08
rs1080985	0.000131951169	-4.06306330620969	0.996712066940271	5.36835424043636	0.112819866933714	0.2435	982	0.00276408006422152	1.5856449788055	0.890592491110098	0.0132571136170487	5.38161135405341	4.85863752544801e-14
rs1080989	0.000137545984	-0.186937376953765	0.996573134190744	-2.82064168234559	0.00506741647779224	0.2018	982	0.0031610082637005	2.80271667340222	0.876816677224176	2.39675347697541	-0.423888205370185	1.46291157687041e-16
rs1081004	0.000439112025	-2.29581943617777	0.98914140288915	0.345377690002845	0.100628774412087	0.06759	982	0.00807921466436493	1.64181295017573	0.735793912530398	0.32617163039437	0.671549320397215	4.37482363231113e-16
rs10854749	9.504105121e-05	-5.14274118042008	0.997629605838572	10.1701980722173	7.40006114537605e-07	0.4115	982	0.00210253004146961	4.95055901789953	0.914540088441082	9.97693611876878	20.1471341909861	1.25631802426117e-07
rs11090076	0.000103897249	6.15060034714249	0.997409297945411	15.8880261469894	0.00235538942350177	0.337	982	0.00227884657657219	3.0413256368309	0.908032580550913	3.00633660867441	18.8943627556638	3.58944967793986e-08
rs111301688	0.000399880009	-1.30302256937449	0.990101950577306	-1.46717766626224	0.247932953060775	0.07853	982	0.00703625740132993	1.15538463028995	0.761775593104998	-0.208818765300707	-1.67599643156295	4.18248491599753e-17
rs111988926	0.000329821921	-3.59540451476604	0.991821885014864	4.0074610391865	0.153321648420877	0.1064	982	0.00535517575114454	1.42789650959965	0.807749346154296	-0.00102223178733962	4.00643880739916	1.22824400041828e-14
rs112400358	0.000318658201	3.13190476378332	0.99209650779023	2.44542644637983	0.013016163599364	0.09145	982	0.00612810184000554	2.48332674103955	0.785941035341645	1.65266260120138	4.09808904758121	1.34613260954686e-14
rs112991199	0.000393070276	-1.00150452493442	0.990268868562993	-1.81958711382673	0.139269576130074	0.08648	982	0.00644502751322559	1.47851652944051	0.77733558863329	0.0985873620261128	-1.72099975180062	3.99843177173274e-17
rs1135840	9.504105121e-05	-5.41920818204984	0.997629605838572	11.6267524964305	2.22528472506453e-07	0.4543	982	0.00205381738609112	5.17946054326192	0.916354457077027	11.0508505846854	22.6776030811159	1.57785927193047e-06
rs116390392	0.0001073296	-6.24606200477323	0.997323940509866	16.4927393875179	0.00387280600637909	0.337	982	0.00227884657657219	2.88834032602267	0.908032580550913	2.59447491811834	19.0872143056362	4.35293551121318e-08
rs12157818	0.000103897249	6.03073894713048	0.997409297945411	15.1598812623327	0.00235538942350177	0.335	982	0.00228555703938998	3.0413256368309	0.907786739036863	3.00653441853916	18.1664156808719	1.73334284240082e-08
rs12167368	0.000316199524	4.97517984408999	0.992157010637578	9.85507316825137	0.0210931573622424	0.0835	982	0.00665333776898056	2.30631285500324	0.771781268350694	1.31385738252448	11.1689305507759	1.58458409424819e-11
rs12484402	0.000117483921	-3.77870840082908	0.997071503257	4.201778095708	0.124806211160428	0.2594	982	0.00265035980875548	1.53490888329823	0.894619407876908	-0.0712512119377744	4.13052688377023	1.39051416798157e-14
rs13057094	0.000105021504	-6.15829511405113	0.997381337796078	15.9400976488481	0.00195250394253025	0.333	982	0.0022923897035721	3.09736334636488	0.907536557347604	3.16282748440591	19.102925133254	4.42186377288794e-08
rs133347	9.250015329e-05	-6.20919323529796	0.997692831503739	16.1966978037652	1.02217089836116e-08	0.4771	982	0.00204094103735801	5.72700843245166	0.916835257692395	13.7920022746045	29.9887000783697	0.00236176862427936
rs133348	9.457757001e-05	-5.67232558539343	0.997641138135329	13.0249022372583	1.02217089836116e-08	0.4771	982	0.00204094103735801	5.72700843245166	0.916835257692395	13.7920022746045	26.8169045118628	9.90248142688395e-05
rs133349	9.250015329e-05	-6.21691965359251	0.997692831503739	16.2445917218735	1.02217089836116e-08	0.4771	982	0.00204094103735801	5.72700843245166	0.916835257692395	13.7920022746045	30.036593996478	0.00247763548905888
rs133350	0.000105411289	-6.40764590806466	0.997371644234231	17.5043072169835	0.00255401524174745	0.329	982	0.00230642904456943	3.01686737940514	0.907022931820397	2.93992832333959	20.4442355403231	1.69094338533001e-07
rs133351	9.504105121e-05	-5.04033527490776	0.997629605838572	9.6500304215709	7.55398985582729e-07	0.4125	982	0.00210100309766644	4.94655111482889	0.914596852440308	9.95915998620521	19.6091904077761	7.33624073372442e-08
rs133352	0.000105411289	-6.26420046964306	0.997371644234231	16.5978367428807	0.0023391393555665	0.329	982	0.00230642904456943	3.04340930855398	0.907022931820397	3.01287629318175	19.6107130360624	7.34741960985738e-08
rs133353	0.000106543684	-6.17401500519763	0.997343483775629	16.0432296344436	0.00233913935556649	0.33	982	0.00230287186544596	3.04340930855398	0.90715301526618	3.01277869606875	19.0560083305124	4.21919551047108e-08
rs133355	0.000105021504	-6.30495614675373	0.997381337796078	16.8516410078558	0.0026378302500684	0.331	982	0.00229934640894378	3.00706537808344	0.907281975459058	2.91292621277294	19.7645672206287	8.56944836729865e-08
rs133356	0.000106151809	-6.35623656926983	0.997353228763868	17.1801971845519	0.0026378302500684	0.331	982	0.00229934640894378	3.00706537808344	0.907281975459058	2.91292621277294	20.0931233973249	1.19026318479503e-07
rs133357	9.250015329e-05	-6.13747532801426	0.997692831503739	15.7549806607082	1.21941909328765e-08	0.4732	982	0.00204252797898291	5.69698883575437	0.916775974311528	13.6341850483716	29.3891657090798	0.00129676977804305
rs133358	9.250015329e-05	-6.19153500633042	0.997692831503739	16.0874629604316	1.21941909328765e-08	0.4732	982	0.00204252797898291	5.69698883575437	0.916775974311528	13.6341850483716	29.7216480088032	0.00180824847947671
rs133367	9.432488641e-05	-5.72889157552731	0.997647425497817	13.3453708519632	1.99868055778e-05	0.4135	982	0.00209949568413076	4.26503814104703	0.914652897315893	7.08850539991888	20.4338762518821	1.67351683424222e-07
rs133368	0.000103897249	-6.28352543985395	0.997409297945411	16.7122888428368	0.00280375524427613	0.332	982	0.00229585243421336	2.98847272459534	0.907409820238907	2.86223849327833	19.5745273361152	7.08630096089071e-08
rs133369	0.000103897249	-6.29607772182519	0.997409297945411	16.7910356663644	0.00280375524427613	0.332	982	0.00229585243421336	2.98847272459534	0.907409820238907	2.86223849327833	19.6532741596428	7.66688420693104e-08
rs133370	0.000103897249	-6.00778077810159	0.997409297945411	15.0220480891658	0.00233696471030494	0.338	982	0.00227553660885117	3.04368915830257	0.908153892092161	3.0127682465396	18.0348163357054	1.51960810770591e-08
rs133371	0.000103897249	-6.06725098928086	0.997409297945411	15.3801702361202	0.00233696471030494	0.338	982	0.00227553660885117	3.04368915830257	0.908153892092161	3.0127682465396	18.3929384826598	2.17401268748719e-08
rs133373	9.041157225e-05	-5.50855477680802	0.99774480807993	12.0906117940992	1.06975187420502e-08	0.4602	982	0.00204964676766381	5.71928190185648	0.916510132016907	13.7480932050302	25.8387049991293	3.72320874437038e-05
rs133374	0.000103897249	-6.02551373555097	0.997409297945411	15.1284646293148	0.00233696471030494	0.338	982	0.00227553660885117	3.04368915830257	0.908153892092161	3.0127682465396	18.1412328758544	1.69023744300787e-08
rs133375	0.000103897249	-6.04429330243219	0.997409297945411	15.2415038918612	0.00233696471030494	0.337	982	0.00227884657657219	3.04368915830257	0.908032580550913	3.01286629962034	18.2543701914815	1.89270369540878e-08
rs133376	9.041157225e-05	-5.59725171261371	0.99774480807993	12.5820265571965	5.93598894543331e-09	0.4592	982	0.00205031200329305	5.81855116760584	0.916485297497725	14.2726849735274	26.8547115307239	0.000102840319254007
rs133377	0.000103897249	-5.95355867914323	0.997409297945411	14.6986037477351	0.00151644077425531	0.337	982	0.00227884657657219	3.17151875172252	0.908032580550913	3.37357656711273	18.0721803148478	1.57746078612072e-08
rs133378	0.000105021504	-5.97450019671181	0.997381337796078	14.8280443310289	0.00233696471030494	0.338	982	0.00227553660885117	3.04368915830257	0.908153892092161	3.0127682465396	17.8408125775685	1.25163252548739e-08
rs133379	0.000105021504	-6.13854912201792	0.997381337796078	15.8190088778098	0.00195250394253025	0.333	982	0.0022923897035721	3.09736334636488	0.907536557347604	3.16282748440591	18.9818363622157	3.91757368495241e-08
rs133380	9.9780121e-05	-5.68445430963905	0.997511704036807	13.118229642125	0.00430701037392046	0.3519	982	0.00223252961319773	2.85475453142513	0.909733066204178	2.50449892418443	15.6227285663095	1.36199399850871e-09
rs133381	0.000105021504	-5.97242539465324	0.997381337796078	14.8156830331759	0.00201783254637648	0.335	982	0.00228555703938998	3.08759501416513	0.907786739036863	3.13525010950669	17.9509331426826	1.39733840058296e-08
rs133382	0.000103897249	-6.03177319176575	0.997409297945411	15.1661028963001	0.00233696471030494	0.338	982	0.00227553660885117	3.04368915830257	0.908153892092161	3.0127682465396	18.1788711428397	1.75506744235639e-08
rs133383	9.041157225e-05	-5.63053235863607	0.99774480807993	12.7684391644193	1.00796758557261e-08	0.4592	982	0.00205031200329305	5.7293827038301	0.916485297497725	13.8008272377349	26.5692664021542	7.73029685784064e-05
rs16947	0.000105801796	-5.88630175656559	0.997361932905913	14.3097171913602	0.00400294785721198	0.3429	982	0.00225974567701859	2.87792934306551	0.908733082056007	2.56629711282565	16.8760143041859	4.76947167693126e-09
rs16986035	0.000117094041	3.26838035646348	0.997081193346648	2.40727506498529	0.0954046603528551	0.2565	982	0.00266987036158783	1.66755216737531	0.893925939099696	0.121074570978193	2.52834963596348	2.80129393184854e-15
rs17002868	0.000118701025	-3.47000594179888	0.997041254528006	3.09116261412167	0.134187068449788	0.2634	982	0.00262428520134323	1.49779289082458	0.895547866125842	-0.124984508004405	2.96617810611727	4.34015429406568e-15
rs17002872	0.000119880601	-3.7236197409089	0.997011940235011	4.00539124409272	0.129877535837595	0.2425	982	0.00277181433472887	1.51458498961398	0.890319931208112	-0.0839112299441354	3.92148001414858	1.12820369127555e-14
rs17002876	0.000100540729	-6.58018938206595	0.997492783708842	18.6008752135232	0.0097646550547343	0.3469	982	0.00224736976066338	2.58405383786155	0.909187530537664	1.83599517577967	20.4368703893028	1.67853508253341e-07
rs17002897	0.000115885225	-3.83565763287326	0.997111238494426	4.41142091270089	0.127090752655967	0.2614	982	0.00263720341825227	1.52567528461007	0.895087636664571	-0.0855738901890983	4.3258470225118	1.690448236572e-14
rs1800754	9.2871769e-05	-6.22099442393434	0.997683584016254	16.2716952071344	3.4772727690647e-08	0.4672	982	0.00204546223817769	5.51553158871847	0.916666379376787	12.7005430193262	28.9722382264606	0.000854660387567289
rs1801311	0.000103897249	6.04918869682407	0.997409297945411	15.271028385997	0.00235538942350177	0.335	982	0.00228555703938998	3.0413256368309	0.907786739036863	3.00653441853916	18.2775628045362	1.93711343819471e-08
rs1989375	0.000131125401	0.539765878532975	0.996732576031951	-2.7166790665477	0.000413731103096491	0.2068	982	0.00310402547286669	3.53116657894955	0.878768068085383	4.42371500778442	1.70703594123672	1.23215877698207e-15
rs1997659	0.000131974144	0.512070260981503	0.996711496336401	-2.7279844885487	0.000576857137299711	0.2068	982	0.00310402547286669	3.4422686104602	0.878768068085383	4.15133020243961	1.42334571389091	9.27815395620216e-16
rs2011944	0.000131125401	0.0698349638078984	0.996732576031951	-2.85944619734503	0.000489756025204278	0.2087	982	0.0030831517564856	3.48629749606717	0.879485069477259	4.28675878482826	1.42731258748323	9.31503231765549e-16
rs2013960	9.353984656e-05	-6.1800773453895	0.997666959641928	16.0218331833727	1.58730027062874e-08	0.4742	982	0.00204209708381188	5.65185006048621	0.916792070504893	13.3995257721048	29.4213589554776	0.00133919626603045
rs2070116	0.000130256569	4.35837132172207	0.996754155588912	6.60168235983151	0.146250016879051	0.2286	982	0.00288737143706686	1.45290541646095	0.886267412747932	-0.151526582547583	6.45015577728392	1.41441693242933e-13
rs2070904	0.000111746041	-4.44388517620048	0.997214131718779	6.90495206361255	0.0143528445155284	0.4891	982	0.0020376282402453	2.44830915117548	0.916959038571491	1.50401540859848	8.40896747221103	1.00294832400321e-12
rs2142694	9.2871769e-05	-6.44489713225188	0.997683584016254	17.6863743246723	3.21431584119554e-08	0.4622	982	0.00204836703280502	5.52934340329846	0.916557910753587	12.7694538859847	30.455828210657	0.00376797939288497
rs2142695	0.000422055936	-1.18696017989142	0.989558771165221	-1.58391445552616	0.017523724608616	0.04473	982	0.0119160818953849	2.37553091023698	0.653764134697075	1.31432606992309	-0.269588385603074	1.70698473363293e-16
rs2143138	9.041157225e-05	-4.15854915292724	0.99774480807993	5.58000531241563	2.79940928684123e-05	0.4573	982	0.00205162269034069	4.18919892107463	0.916436370979754	6.80037508612117	12.3803803985368	5.32158834323576e-11
rs2143139	0.000100540729	-6.48967754499998	0.997492783708842	18.0108693710728	0.00917349686016909	0.3429	982	0.00225974567701859	2.60551981010309	0.908733082056007	1.8875898988609	19.8984592699336	9.79718806113699e-08
rs2236779	0.000131974144	0.477448662131768	0.996711496336401	-2.74505752217885	0.000460211141456249	0.2038	982	0.00313784988909601	3.50290640427617	0.877608695632836	4.3340183901535	1.58896086797464	1.09493243806295e-15
rs2267444	0.000132825625	0.060716278895728	0.996690349534789	-2.85361921459806	0.000804213419453579	0.2018	982	0.0031610082637005	3.35134053312894	0.876816677224176	3.87693516188699	1.02331594728892	6.21914746140472e-16
rs2267446	0.000134119561	0.155287275829324	0.996658215940276	-2.83860845559519	0.000804213419453579	0.2018	982	0.0031610082637005	3.35134053312894	0.876816677224176	3.87693516188699	1.0383267062918	6.31320576227717e-16
rs2284087	9.041157225e-05	5.57100328822692	0.99774480807993	12.4357825624729	9.49452716467242e-09	0.4622	982	0.00204836703280502	5.73951999818537	0.916557910753587	13.8548652910102	26.2906478534831	5.85050929561486e-05
rs2301521	0.000105411289	-6.38684361948922	0.997371644234231	17.3715796598917	0.00255401524174745	0.329	982	0.00230642904456943	3.01686737940514	0.907022931820397	2.93992832333959	20.3115079832312	1.48076527563658e-07
rs2413666	0.000103897249	-6.01195295032389	0.997409297945411	15.047057328976	0.00445758708540514	0.336	982	0.00228218664591447	2.84382251428472	0.90791019862282	2.47878756313887	17.5258448921148	9.13457009245911e-09
rs2413667	0.000150111504	0.252628542874838	0.996261243160307	-2.76270977490812	0.000229380159147868	0.1869	982	0.00335046630059121	3.68424652388514	0.870390488835608	4.88558314441388	2.12287336950575	1.86750844947068e-15
rs2413668	9.041157225e-05	5.57100328822692	0.99774480807993	12.4357825624729	1.03728185866167e-08	0.4592	982	0.00205031200329305	5.72451738530404	0.916485297497725	13.775290808166	26.2110733706389	5.402999345306e-05
rs2413669	0.000103897249	6.03996425568083	0.997409297945411	15.2154149980065	0.00235538942350177	0.337	982	0.00227884657657219	3.0413256368309	0.908032580550913	3.00633660867441	18.2217516066809	1.83196241225551e-08
rs2413670	9.041157225e-05	5.64080024882046	0.99774480807993	12.8261750672979	9.98798557896015e-09	0.4602	982	0.00204964676766381	5.73093276204994	0.916510132016907	13.8092266534801	26.635401720778	8.25882713268092e-05
rs2413671	9.041157225e-05	5.65076746289822	0.99774480807993	12.8823208978057	9.98798557896015e-09	0.4602	982	0.00204964676766381	5.73093276204994	0.916510132016907	13.8092266534801	26.6915475512858	8.73579029775441e-05
rs2413672	0.000103897249	6.04918869682407	0.997409297945411	15.271028385997	0.00235538942350177	0.337	982	0.00227884657657219	3.0413256368309	0.908032580550913	3.00633660867441	18.2773649946714	1.93673029594339e-08
rs2413684	9.2871769e-05	-6.71687657693585	0.997683584016254	19.4720942028122	5.12301683897863e-08	0.4394	982	0.00206702329243321	5.44698713029274	0.915861874357816	12.3490114993994	31.8211057022116	0.0147584585475992
rs2743449	9.324026721e-05	-6.15042670894635	0.997674414275609	15.8379968412759	2.02018913604474e-08	0.4602	982	0.00204964676766381	5.61026338440826	0.916510132016907	13.1820885197366	29.0200853610125	0.00089654753728707
rs2743450	0.000134954689	0.26643754044095	0.996637477479525	-2.81215678778402	0.00114093845962653	0.1998	982	0.00318467035799923	3.25324806861986	0.87600890672878	3.59190123276111	0.779744444977093	4.87471348766801e-16
rs2743451	9.2871769e-05	-6.21989264988757	0.997683584016254	16.2648575594968	1.75293235581491e-08	0.4682	982	0.00204493154409903	5.63476890932081	0.916686198923596	13.310107351632	29.5749649111289	0.00156154480078109
rs2743453	0.000134954689	0.240689274511594	0.996637477479525	-2.81866365253196	0.00114093845962652	0.1998	982	0.00318467035799923	3.25324806861986	0.87600890672878	3.59190123276112	0.773237580229157	4.84309735880629e-16
rs2743454	0.000138839089	0.288061874566377	0.996541028785308	-2.79204572577	0.00114093845962652	0.1998	982	0.00318467035799923	3.25324806861986	0.87600890672878	3.59190123276112	0.79985550699112	4.97374159545042e-16
rs2743456	0.000135396496	0.394418385511105	0.99662650657971	-2.76838269294732	0.0013428143242728	0.2008	982	0.00317277542389315	3.20666894042383	0.876414786811857	3.46055423548984	0.692171542542521	4.46597889868996e-16
rs2743459	9.573252649e-05	-6.50241798568369	0.997612401109601	18.07151073786	1.66122700559017e-08	0.4652	982	0.00204657380878196	5.64402213649287	0.916624868923672	13.3573335258279	31.428844263688	0.00996974434034296
rs2743460	0.000139310809	0.397270989251162	0.996529317365141	-2.75306374928632	0.00064074395686494	0.2237	982	0.00293199311596492	3.41375402434747	0.88471241311699	4.0749310819887	1.32186733270238	8.38281870308642e-16
rs2743461	9.2871769e-05	-6.55426657238123	0.997683584016254	18.3955833155956	2.0932943998486e-08	0.4632	982	0.00204775247102586	5.60410859650155	0.916580857109307	13.1511456642856	31.5467289798811	0.0112171028859439
rs2743462	9.2871769e-05	-6.40405125875828	0.997683584016254	17.4245689226901	4.08834173520703e-08	0.4592	982	0.00205031200329305	5.48699263432168	0.916485297497725	12.5549855363473	29.9795544590374	0.00234026725901016
rs2743464	0.000128550244	-4.08412002791599	0.996796539042194	5.44153952635964	0.0725296653539111	0.2455	982	0.00274882932925247	1.79577904084675	0.89113042456714	0.328066326559932	5.76960585291958	7.1617370257882e-14
rs2743465	9.182047329e-05	-6.39066919958564	0.997709745474113	17.334012503829	5.44692641839953e-09	0.4592	982	0.00205031200329305	5.83290904272947	0.916485297497725	14.349344482792	31.6833569866209	0.0128593048698682
rs2743467	0.000105021504	-6.47894668615197	0.997381337796078	17.9608677660512	0.00280085397527509	0.336	982	0.00228218664591447	2.98878908968603	0.90791019862282	2.86262191145478	20.823489677506	2.47079689100699e-07
rs28360521	0.000137992009	-0.0195817190820055	0.99656205998125	-2.83625034663064	0.005024452860176	0.2018	982	0.0031610082637005	2.80546185127004	0.876816677224176	2.40350296956444	-0.432747377066203	1.45000863113112e-16
rs28369142	0.000108472225	-5.95222581298195	0.997295528376362	14.7101633529391	0.00483610745154843	0.3439	982	0.00225660893281558	2.81775248645649	0.908848221541991	2.4103896912811	17.1205530442202	6.09076859142468e-09
rs28371725	0.000284731876	3.90986066869343	0.992932015114897	5.11339111339137	0.0206844550034462	0.09344	982	0.00601075648882078	2.31369506117251	0.789175832946501	1.33393663876065	6.44732775215202	1.41042257652901e-13
rs28371738	0.000136679481	-0.233832285181408	0.996594649015131	-2.8139579620248	0.00360577237172013	0.2038	982	0.00313784988909601	2.91073713082869	0.877608695632836	2.66745587424099	-0.146502087783806	1.93056903877009e-16
rs2839708	0.000103897249	6.03996425568083	0.997409297945411	15.2154149980065	0.00235538942350178	0.335	982	0.00228555703938998	3.0413256368309	0.907786739036863	3.00653441853915	18.2219494165456	1.83232482833606e-08
rs2839709	0.000129436129	4.0286030010699	0.996774534070603	5.22030805876079	0.0675386630726232	0.2396	982	0.00279466396217362	1.82807255635857	0.889515671512662	0.384872853469181	5.60518091222997	6.07588472414428e-14
rs2839710	0.000103897249	6.02151277100984	0.997409297945411	15.1044272019398	0.00235538942350177	0.337	982	0.00227884657657219	3.0413256368309	0.908032580550913	3.00633660867441	18.1107638106142	1.63951415770838e-08
rs28439297	9.648543529e-05	-5.66653897863399	0.997593668516267	13.00137280192	3.13957372622712e-07	0.4553	982	0.00205306874229356	5.11486983990989	0.916382397498156	10.7463987223828	23.7477715243028	4.60083348902364e-06
rs28507165	0.0001227664	-4.114961918657	0.996940230920867	5.54584248124371	0.0651795613529091	0.2475	982	0.0027338633884364	1.84402455749166	0.891658944714379	0.404774828732118	5.95061730997583	8.58283269524438e-14
rs28514673	0.000110019121	-6.57695954383818	0.997257066353718	18.6195100787261	0.00439020336675664	0.33	982	0.00230287186544596	2.84867259384394	0.90715301526618	2.49234289188544	21.1118529706115	3.29664082974879e-07
rs28515621	0.000108076816	-6.3414919311434	0.997305360301971	17.0948327473252	0.00291573722262919	0.338	982	0.00227553660885117	2.97648460364262	0.908153892092161	2.82905638959227	19.9238891369175	1.00495240879429e-07
rs28542726	9.611057296e-05	-5.61612751950348	0.997602995113825	12.7158746834203	3.13957372622712e-07	0.4622	982	0.00204836703280502	5.11486983990989	0.916557910753587	10.7476439994878	23.4635186829081	3.4624784198261e-06
rs2854740	9.467095401e-05	-6.42492783987937	0.997638814541748	17.5668186261857	4.02673826449509e-08	0.4652	982	0.00204657380878196	5.48967506759163	0.916624868923672	12.5697449052205	30.1365635314061	0.00273812726958532
rs2854741	0.000134119561	-4.35095766628339	0.996658215940276	6.58315969707067	0.0876976832553616	0.2366	982	0.00281897757225097	1.70766950683697	0.888661476783308	0.198138502020826	6.7812981990915	1.96965776851889e-13
rs2854827	0.000147306769	1.03166190604529	0.996330843066321	-2.27368612672217	0.000459798158600034	0.1938	982	0.00325883183354097	3.50314554151589	0.873486815916178	4.32602325334557	2.0523371266234	1.74031985250986e-15
rs2854837	0.000105411289	-6.42637176721294	0.997371644234231	17.6241553868786	0.00233223710187724	0.328	982	0.00231001819037684	3.04429836626671	0.906891717182503	3.01542794312274	20.6395833300013	2.05573691348918e-07
rs28566059	0.000137545984	-0.064826820123531	0.996573134190744	-2.83596053931172	0.00506741647779224	0.2018	982	0.0031610082637005	2.80271667340222	0.876816677224176	2.39675347697541	-0.439207062336318	1.44067221934134e-16
rs28568508	0.000137545984	-0.069093470945998	0.996573134190744	-2.83567582279205	0.00526347179621918	0.2038	982	0.00313784988909601	2.79045068443692	0.877608695632836	2.36653454945692	-0.469141273335128	1.3981859027955e-16
rs2856957	0.000132825625	0.622490563817826	0.996690349534789	-2.66235033206007	0.000784354347910247	0.2018	982	0.0031610082637005	3.35825776171858	0.876816677224176	3.89728249304302	1.23493216098295	7.68483608052582e-16
rs28570317	0.000107682129	-6.26462027968258	0.997315174468231	16.6099802420727	0.00291573722262919	0.338	982	0.00227553660885117	2.97648460364262	0.908153892092161	2.82905638959227	19.4390366316649	6.18837649548022e-08
rs28579115	9.648543529e-05	-5.77746056086283	0.997593668516267	13.6345387875003	3.87899434356382e-07	0.4533	982	0.00205458315724765	5.07480213180881	0.916325879201854	10.5589399524539	24.1934787399542	7.18463484220138e-06
rs28588594	0.000137545984	-0.160451007675508	0.996573134190744	-2.82522644547084	0.00506741647779224	0.2018	982	0.0031610082637005	2.80271667340222	0.876816677224176	2.39675347697541	-0.428472968495432	1.45621982558628e-16
rs2859438	0.000103897249	-5.97440978625588	0.997409297945411	14.822637253289	0.00233696471030494	0.338	982	0.00227553660885117	3.04368915830257	0.908153892092161	3.0127682465396	17.8354054998286	1.24488311485842e-08
rs28605764	9.9780121e-05	-5.32906342946607	0.997511704036807	11.166047484871	0.00430701037392046	0.3519	982	0.00223252961319773	2.85475453142513	0.909733066204178	2.50449892418443	13.6705464090555	1.93354042026155e-10
rs28670611	9.540600976e-05	-5.7927160771291	0.997620525160993	13.7174197345226	2.57397934773277e-07	0.4543	982	0.00205381738609112	5.15223664924071	0.916354457077027	10.9219795203084	24.639399254831	1.1221877384014e-05
rs28680494	9.648543529e-05	-5.66653897863399	0.997593668516267	13.00137280192	3.13957372622712e-07	0.4553	982	0.00205306874229356	5.11486983990989	0.916382397498156	10.7463987223828	23.7477715243028	4.60083348902364e-06
rs28715885	0.000151388416	0.308257334094299	0.9962295596249	-2.74294958346857	0.000375042316266635	0.1879	982	0.00333673891183831	3.55705033449756	0.870852938398142	4.48587827218155	1.74292868871298	1.27718761102292e-15
rs28791586	0.000103897249	6.04918869682407	0.997409297945411	15.271028385997	0.00235538942350177	0.335	982	0.00228555703938998	3.0413256368309	0.907786739036863	3.00653441853916	18.2775628045362	1.93711343819471e-08
rs28817600	0.000105021504	5.93411781777053	0.997381337796078	14.5882248234993	0.00235538942350177	0.336	982	0.00228218664591447	3.0413256368309	0.90791019862282	3.00643552545833	17.5946603489576	9.78530317468651e-09
rs2899354	0.000133240849	0.268145621355152	0.996680037640087	-2.8180692357109	0.00038928349669284	0.2048	982	0.00312645507720457	3.54724425523631	0.877998924635283	4.47204197743154	1.65397274172064	1.16848090653297e-15
rs2899355	9.324026721e-05	-6.6196544946958	0.997674414275609	18.8270677605083	6.31595199818016e-08	0.4374	982	0.00206909299323306	5.40961744498134	0.915784722138382	12.1625546877637	30.989622448272	0.00642587703735933
rs34030679	0.000310534884	5.03073984760882	0.992296433552826	10.1236535133809	0.0705128968055943	0.08151	982	0.00680100651843855	1.80860174758432	0.767891709994371	0.525626733082868	10.6492802464638	9.42397298674147e-12
rs34277770	9.611057296e-05	-5.07437287399165	0.997602995113825	9.82700183851755	7.55398985582729e-07	0.4125	982	0.00210100309766644	4.94655111482889	0.914596852440308	9.95915998620521	19.7861618247228	8.75651475493388e-08
rs35028622	9.396588096e-05	-5.4544740454597	0.997656358534374	11.8127556925716	2.83182501201097e-07	0.4543	982	0.00205381738609112	5.1343090072509	0.916354457077027	10.8374854503806	22.6502411429522	1.53527128603505e-06
rs3892097	0.0001550025	0.176512734416643	0.99613989564563	-2.76301229196863	0.000776990916804675	0.1859	982	0.00336435156516281	3.36086393695428	0.869923220124555	3.89325296101271	1.13024066904408	6.92098122452587e-16
rs3985938	0.000132411049	-0.153955705298365	0.996700645549595	-2.84520214701289	0.000781200749071928	0.2008	982	0.00317277542389315	3.35937113799136	0.876414786811857	3.89992233041812	1.05472018340523	6.41755413586625e-16
rs4078247	0.000136679481	-0.160101841826707	0.996594649015131	-2.82843097683939	0.00360577237172013	0.2038	982	0.00313784988909601	2.91073713082869	0.877608695632836	2.66745587424099	-0.1609751025984	1.90282910889703e-16
rs41277481	0.0004060225	-1.77066960084457	0.989951436076144	-0.748279840944276	0.21144001062402	0.07952	982	0.00695613158147376	1.24961557555101	0.763847755696177	-0.12525022609343	-0.873530067037706	9.33127733720747e-17
rs4147638	0.000103897249	5.96613748616819	0.997409297945411	14.7733773074861	0.00235538942350177	0.335	982	0.00228555703938998	3.0413256368309	0.907786739036863	3.00653441853916	17.7799117260252	1.17768172717547e-08
rs4147640	0.000103897249	6.03996425568083	0.997409297945411	15.2154149980065	0.00235538942350177	0.335	982	0.00228555703938998	3.0413256368309	0.907786739036863	3.00653441853916	18.2219494165456	1.83232482833607e-08
rs4349441	0.000438944401	-0.0640016516081132	0.989145502992181	-2.25956203250208	0.0026251881251103	0.0666	982	0.00819061459332863	3.00852545114312	0.733123148498008	2.65734744924998	0.397785416747897	3.32710415568337e-16
rs4453786	0.000133679844	0.362498237196683	0.996669135635715	-2.78677807999268	0.000351911412089576	0.2048	982	0.00312645507720457	3.57374518336046	0.877998924635283	4.55488680802012	1.76810872802744	1.30975555559457e-15
rs4464374	0.000438944401	-0.0640016516081132	0.989145502992181	-2.25956203250208	0.0026251881251103	0.0666	982	0.00819061459332863	3.00852545114312	0.733123148498008	2.65734744924998	0.397785416747897	3.32710415568337e-16
rs4467371	0.000132825625	0.6569427762532	0.996690349534789	-2.64038362099871	0.000784354347910247	0.2018	982	0.0031610082637005	3.35825776171858	0.876816677224176	3.89728249304302	1.25689887204431	7.85551441190189e-16
rs45441993	0.000158407396	1.08112215209097	0.996055436301595	-2.18560116212182	0.000360761213143674	0.1789	982	0.00346618807549336	3.56723987324507	0.866511477718028	4.50639617372759	2.32079501160577	2.27624420134524e-15
rs4822084	9.250015329e-05	-6.26991628023144	0.997692831503739	16.5747084166948	1.02217089836116e-08	0.4761	982	0.00204132397647482	5.72700843245166	0.916820951533356	13.7918536669929	30.3665620836877	0.00344620201955442
rs4822088	0.000105021504	-5.73722155645058	0.997381337796078	13.442212179097	0.00233696471030494	0.338	982	0.00227553660885117	3.04368915830257	0.908153892092161	3.0127682465396	16.4549804256366	3.13052793814733e-09
rs4993393	0.000107288164	-6.20195974733683	0.997324970874089	16.2188082808416	0.00518370047506108	0.3519	982	0.00223252961319773	2.79539083793645	0.909733066204178	2.35193054925119	18.5707388300928	2.59704684886112e-08
rs55715427	0.000293848164	0.209633386426918	0.992707369055345	-2.43863261335457	0.144927802596188	0.08946	982	0.00625072789345025	1.45768349786484	0.782588882040992	0.0684559592464552	-2.37017665410811	2.08908323221585e-17
rs55750514	0.00044944	0.0989527397238736	0.988888844938273	-2.2450614332832	0.00210784518172267	0.0666	982	0.00819061459332863	3.07460074474806	0.733123148498008	2.80468480273731	0.559623369454116	3.91157558380374e-16
rs55867855	0.000138862656	1.07094631331485	0.996540443679481	-2.26182838915466	0.000790499934817704	0.1948	982	0.00324612917378226	3.35609995290359	0.873917778013487	3.88623524807855	1.62440685892389	1.13443944958127e-15
rs55962220	0.0004338889	-0.0461095100875881	0.989269177123351	-2.2662658818394	0.0026251881251103	0.0666	982	0.00819061459332863	3.00852545114312	0.733123148498008	2.65734744924998	0.391081567410578	3.30487434659312e-16
rs55979692	0.000298080225	0.627919095156374	0.992603115996204	-2.25766525953073	0.119863921602289	0.08748	982	0.00637833536795312	1.55534501616109	0.779130781373524	0.187304642178184	-2.07036061735254	2.8194486781281e-17
rs56070086	0.0004338889	-0.0600471388215362	0.989269177123351	-2.26553403437165	0.0026251881251103	0.0666	982	0.00819061459332863	3.00852545114312	0.733123148498008	2.65734744924998	0.391813414878327	3.30729389577738e-16
rs56404506	0.000114297481	-5.69114403541763	0.997150704657008	13.2180753492571	0.0461545730923425	0.328	982	0.00231001819037684	1.99397695429387	0.906891717182503	0.615879317647278	13.8339546669043	2.27677733814744e-10
rs57117731	0.000132411049	-0.128712634205115	0.996700645549595	-2.84875808437294	0.000781200749071928	0.2008	982	0.00317277542389315	3.35937113799136	0.876414786811857	3.89992233041812	1.05116424604518	6.39477424129719e-16
rs5751204	0.000105411289	-6.36916516675292	0.997371644234231	17.2591227663286	0.00226410144676212	0.327	982	0.00231363955019108	3.05320641178064	0.906759363312615	3.04015103556899	20.2992738018976	1.46275969111681e-07
rs5751206	0.000317374225	-2.11338464506908	0.992128102806774	-0.206610260339806	0.152474457342165	0.06163	982	0.00880424732434015	1.43084564723161	0.718752307534494	0.101497958389003	-0.105112301950803	2.01215157328441e-16
rs5751209	0.000105411289	-6.32654209502053	0.997371644234231	16.9892688868047	0.00209181129880485	0.327	982	0.00231363955019108	3.0768776660891	0.906759363312615	3.10593950090142	20.0952083877061	1.19274746103256e-07
rs5751211	0.000132411049	-0.0765088578523816	0.996700645549595	-2.85409707926216	0.000781200749071928	0.2008	982	0.00317277542389315	3.35937113799136	0.876414786811857	3.89992233041812	1.04582525115596	6.36072355341358e-16
rs5751216	9.041157225e-05	5.50115997511122	0.99774480807993	12.0499962682734	9.49452716467242e-09	0.4602	982	0.00204964676766381	5.73951999818537	0.916510132016907	13.854364542137	25.9043608104104	3.97586237181712e-05
rs5751220	9.041157225e-05	5.63083209002785	0.99774480807993	12.7701230505692	9.40956291741888e-09	0.4583	982	0.00205092521116216	5.74104221326727	0.91646240646647	13.8618721830001	26.6319952335693	8.23074140768498e-05
rs5751221	0.000132411049	-0.125231406657182	0.996700645549595	-2.84919864449259	0.000762169695993017	0.2008	982	0.00317277542389315	3.36617995139184	0.876414786811857	3.91998917139275	1.07079052690016	6.52151957794506e-16
rs5751222	0.000132411049	-0.113918380125204	0.996700645549595	-2.85054693521935	0.000762169695993017	0.2008	982	0.00317277542389315	3.36617995139184	0.876414786811857	3.91998917139275	1.0694422361734	6.51273259860625e-16
rs5751226	0.000132825625	0.63110489947926	0.996690349534789	-2.65696875628697	0.000784354347910247	0.2018	982	0.0031610082637005	3.35825776171858	0.876816677224176	3.89728249304302	1.24031373675605	7.72630408973316e-16
rs5751227	0.000132825625	0.579406052341909	0.996690349534789	-2.68815620430822	0.000784354347910247	0.2018	982	0.0031610082637005	3.35825776171858	0.876816677224176	3.89728249304302	1.2091262887348	7.48905914425717e-16
rs5751228	0.000132825625	0.43275848251965	0.996690349534789	-2.76212631081638	0.000895110012003606	0.2018	982	0.0031610082637005	3.32157475352682	0.876816677224176	3.78985651355576	1.02773020273939	6.24666104830726e-16
rs5751229	0.000134954689	0.609013830761985	0.996637477479525	-2.6627065714192	0.00723736846920228	0.2127	982	0.00304054037828251	2.68572012159615	0.880952386549036	2.11307968122089	-0.54962689019831	1.2900616343355e-16
rs5751230	0.000131974144	0.15654438904765	0.996711496336401	-2.84644853698371	0.000461319323757837	0.2078	982	0.00309298728926877	3.50226570077419	0.879147078287118	4.33515920788769	1.48871067090398	9.90487991982418e-16
rs5751231	0.000130713489	0.453645297585949	0.996742806752344	-2.76088283820645	0.000516447963949365	0.2107	982	0.00306162417258515	3.47207711442151	0.880225757490451	4.24462805401688	1.48374521581043	9.85581958761509e-16
rs5751232	0.000133679844	0.276326837616268	0.996669135635715	-2.81421062592302	0.000351911412089576	0.2048	982	0.00312645507720457	3.57374518336046	0.877998924635283	4.55488680802012	1.7406761820971	1.27431397513632e-15
rs5751235	0.000116704809	-1.4422615909491	0.997090867518764	-1.88291660110739	0.617680410893898	0.3787	982	0.00216402292785374	0.499140495515954	0.912259936905514	-1.10304754874337	-2.98596414985076	1.12855474695406e-17
rs5751239	9.076563441e-05	-4.00529826503044	0.997735996482639	4.95773677233043	2.65325325887028e-05	0.4722	982	0.00204297545038872	4.20135229942784	0.916759259507129	6.8480151949816	11.805751967312	2.99559653389481e-11
rs5751240	0.000133679844	0.534583902013588	0.996669135635715	-2.70984769288568	0.00100272439754493	0.2068	982	0.00310402547286669	3.28976120631806	0.878768068085383	3.70022147260965	0.990373779723968	6.01761297982806e-16
rs5751241	9.182047329e-05	-6.52056089053	0.997709745474113	18.1706228092623	6.43768548868115e-08	0.4433	982	0.00206319161415412	5.40619737073657	0.916004742113185	12.147524096272	30.3181469055342	0.00328332813280315
rs5751243	0.000137992009	1.07431951614048	0.99656205998125	-2.261344168574	0.000606085183454173	0.1958	982	0.00323356622782805	3.42887653000661	0.874344418523256	4.10281329092444	1.84146912235044	1.40945191399344e-15
rs5751244	0.000137992009	1.06591304619662	0.99656205998125	-2.27030914156225	0.000606085183454173	0.1958	982	0.00323356622782805	3.42887653000661	0.874344418523256	4.10281329092444	1.83250414936219	1.39687268612532e-15
rs5751245	0.000110754576	3.94581402779345	0.997238781040876	4.81718732054527	4.78202208000065e-05	0.2793	982	0.00252949053564207	4.06603273959883	0.898939591597357	6.28489592303171	11.102083243577	1.48212173309751e-11
rs5758553	9.250015329e-05	-6.22023115148797	0.997692831503739	16.2651370101738	9.82240913606424e-09	0.4771	982	0.00204094103735801	5.73376726377727	0.916835257692395	13.8275119687449	30.0926489789187	0.00262048563110727
rs5758559	0.000105411289	-6.56380485109551	0.997371644234231	18.5144492277614	0.00233913935556649	0.33	982	0.00230287186544596	3.04340930855398	0.90715301526618	3.01277869606875	21.5272279238301	4.99420865872945e-07
rs5758562	0.000105411289	-6.3639662324282	0.997371644234231	17.2261104062681	0.00209181129880485	0.327	982	0.00231363955019108	3.0768776660891	0.906759363312615	3.10593950090142	20.3320499071695	1.51149761329947e-07
rs5758566	0.000104264521	-6.34138450981264	0.997400163742053	17.0781515313614	0.00240948791995911	0.326	982	0.0023172933746432	3.03448242720735	0.906625862068792	2.98857293244199	20.0667244638034	1.15925262982274e-07
rs5758573	0.000127328656	-4.70252401122022	0.996826884313891	8.14526066923216	0.0177347472836827	0.2445	982	0.00275641867991973	2.37111009994331	0.890862647042226	1.39671351780196	9.54197418703411	3.11413274527318e-12
rs5758576	0.000132411049	-0.0982566204374398	0.996700645549595	-2.85220297022133	0.000781200749071928	0.2008	982	0.00317277542389315	3.35937113799136	0.876414786811857	3.89992233041812	1.04771936019679	6.37278287463163e-16
rs5758577	9.041157225e-05	5.67069905762531	0.99774480807993	12.9948938914737	1.28273755477586e-08	0.4602	982	0.00204964676766381	5.68834861219861	0.916510132016907	13.5863862016124	26.5812800930861	7.82372634790065e-05
rs5758578	9.041157225e-05	5.55105278844923	0.99774480807993	12.3250874767488	9.49452716467242e-09	0.4612	982	0.00204899845473519	5.73951999818537	0.916534336074311	13.854618235174	26.1797057119229	5.23615041634442e-05
rs5758579	0.000132411049	-0.161791252971986	0.996700645549595	-2.84396920322523	0.000612405718239228	0.2008	982	0.00317277542389315	3.42605971950769	0.876414786811857	4.09821589054794	1.25424668732271	7.8347077403628e-16
rs5758580	0.000132411049	-0.15482628681938	0.996700645549595	-2.84506818053077	0.000659729237676797	0.2008	982	0.00317277542389315	3.40578992049019	0.876414786811857	4.03753283468885	1.19246465415808	7.36531294718271e-16
rs5758586	0.000132411049	-0.120009826795146	0.996700645549595	-2.84983680534685	0.000762169695993017	0.2008	982	0.00317277542389315	3.36617995139184	0.876414786811857	3.91998917139275	1.0701523660459	6.51735912709971e-16
rs5758587	9.041157225e-05	5.58097711907159	0.99774480807993	12.4912711253504	1.00714726470175e-08	0.4592	982	0.00205031200329305	5.72952082272989	0.916485297497725	13.8015524943187	26.292823619669	5.86325249399358e-05
rs5758589	9.041157225e-05	5.59095000412602	0.99774480807993	12.5468536652479	1.00714726470175e-08	0.4602	982	0.00204964676766381	5.72952082272989	0.916510132016907	13.8018114151492	26.3486650803971	6.19997923869444e-05
rs5758605	9.2871769e-05	-6.46477391277154	0.997683584016254	17.8143784743482	4.08834173520703e-08	0.4592	982	0.00205031200329305	5.48699263432168	0.916485297497725	12.5549855363473	30.3693640106955	0.00345587156642352
rs5758606	0.000132825625	0.570786582223211	0.996690349534789	-2.69309682380859	0.000821840986256832	0.2028	982	0.00314936702429226	3.34533210757557	0.877214629846049	3.85990405486495	1.16680723105636	7.17874170025835e-16
rs5758608	0.000131974144	0.425490431126033	0.996711496336401	-2.76843794090596	0.000692548189555573	0.2058	982	0.00311518084251067	3.39251231447696	0.878385366019328	4.00128100387081	1.23284306296486	7.66879846261134e-16
rs5758609	0.000131974144	0.425490431126033	0.996711496336401	-2.76843794090596	0.000692548189555573	0.2058	982	0.00311518084251067	3.39251231447696	0.878385366019328	4.00128100387081	1.23284306296486	7.66879846261134e-16
rs5758610	0.000131974144	0.425490431126033	0.996711496336401	-2.76843794090596	0.000692548189555573	0.2058	982	0.00311518084251067	3.39251231447696	0.878385366019328	4.00128100387081	1.23284306296486	7.66879846261134e-16
rs5758612	0.000131974144	0.460132697531114	0.996711496336401	-2.75314839036087	0.000613325029443625	0.2097	982	0.00307233171596464	3.42565227475198	0.879857192918915	4.10306612370587	1.349917733345	8.62128908510156e-16
rs5758613	0.000131974144	0.581272175595447	0.996711496336401	-2.69027819995781	0.000414643193589782	0.2087	982	0.0030831517564856	3.5305840869619	0.879485069477259	4.42341043269992	1.73313223274212	1.26473678538348e-15
rs5758618	0.000131974144	0.572624944300358	0.996711496336401	-2.69525080123113	0.000410923856852668	0.2078	982	0.00309298728926877	3.53296693839368	0.879147078287118	4.43010285000243	1.7348520487713	1.26691377145087e-15
rs5758619	9.182047329e-05	-6.35517140470515	0.997709745474113	17.1083059981082	5.75358251432973e-09	0.4642	982	0.00204715473940123	5.82376685925069	0.916603176167082	14.3018034903991	31.4101094885073	0.00978470219533517
rs5758622	0.000133679844	0.284947842019556	0.996669135635715	-2.81179930879316	0.000351911412089576	0.2048	982	0.00312645507720457	3.57374518336046	0.877998924635283	4.55488680802012	1.74308749922695	1.27739045795056e-15
rs5758626	0.000132411049	0.268984523099202	0.996700645549595	-2.82095724709218	0.000339810867173658	0.2048	982	0.00312645507720457	3.58289219964683	0.877998924635283	4.58362453757086	1.76266729047868	1.30264795784685e-15
rs5758627	0.000132411049	0.294971153907675	0.996700645549595	-2.81365376963461	0.00038928349669284	0.2048	982	0.00312645507720457	3.54724425523631	0.877998924635283	4.47204197743154	1.65838820779693	1.17365170167087e-15
rs5758629	0.000132411049	0.580312397083558	0.996700645549595	-2.68918853565388	0.00038928349669284	0.2048	982	0.00312645507720457	3.54724425523631	0.877998924635283	4.47204197743154	1.78285344177766	1.32921060343024e-15
rs5758635	0.000132411049	0.286309807024429	0.996700645549595	-2.81616280206384	0.000413731103096489	0.2068	982	0.00310402547286669	3.53116657894955	0.878768068085383	4.42371500778443	1.60755220572059	1.11547909998843e-15
rs5758637	0.000131125401	0.652520726460664	0.996732576031951	-2.64968064899078	0.000410923856852668	0.2078	982	0.00309298728926877	3.53296693839368	0.879147078287118	4.43010285000243	1.78042220101166	1.32598289767937e-15
rs5758638	0.000130713489	0.670909324256078	0.996742806752344	-2.63911811283277	0.000413731103096489	0.2068	982	0.00310402547286669	3.53116657894955	0.878768068085383	4.42371500778443	1.78459689495166	1.33153004120376e-15
rs5758645	9.182047329e-05	-6.53055925870897	0.997709745474113	18.2357183339153	5.87795758179861e-08	0.4493	982	0.00205781828307425	5.42247457892151	0.916205166951148	12.2300039158671	30.4657222497824	0.00380544496571223
rs5758651	0.000137992009	0.973387045685128	0.99656205998125	-2.36432893273776	0.000606085183454173	0.1958	982	0.00323356622782805	3.42887653000661	0.874344418523256	4.10281329092444	1.73848435818668	1.27152396202191e-15
rs5758652	0.000138438756	1.05579806209052	0.996550968092168	-2.27939840731318	0.000601387081888277	0.1958	982	0.00323356622782805	3.43098805481427	0.874344418523256	4.10914563168312	1.82974722436994	1.39302691659089e-15
rs5758653	9.145670689e-05	-6.95399248776876	0.99771879810807	21.0823221516252	1.51934921610543e-07	0.4553	982	0.00205306874229356	5.25019907441294	0.916382397498156	11.3891020697843	32.4714242214095	0.028279436030131
rs5758657	0.000138438756	1.02221487444488	0.996550968092168	-2.31417120891713	0.000606085183454173	0.1958	982	0.00323356622782805	3.42887653000661	0.874344418523256	4.10281329092444	1.78864208200732	1.33692723826673e-15
rs5758659	9.145670689e-05	-7.01659506035949	0.99771879810807	21.5186219486173	2.21499600164149e-07	0.4553	982	0.00205306874229356	5.18032503635487	0.916382397498156	11.0551618596531	32.5737838082705	0.031327442961313
rs5758660	9.041157225e-05	-6.98507849500086	0.99774480807993	21.2933837930765	1.72537336814054e-07	0.4573	982	0.00205162269034069	5.22672659542259	0.916436370979754	11.2768383547423	32.5702221478189	0.0312160637119427
rs5758661	9.041157225e-05	-4.14323273940098	0.99774480807993	5.51657192798224	2.79940928684123e-05	0.4592	982	0.00205031200329305	4.18919892107463	0.916485297497725	6.80051156552014	12.3170834935024	4.99518732808465e-11
rs58099562	0.000150111504	0.252628542874838	0.996261243160307	-2.76270977490812	0.000381123393660409	0.1879	982	0.00333673891183831	3.55282121646591	0.870852938398142	4.4727856574976	1.71007588258947	1.2359101665145e-15
rs58440431	0.000137545984	-0.12201768637298	0.996573134190744	-2.83063594912141	0.00163885405710464	0.2008	982	0.00317277542389315	3.14890153327512	0.876414786811857	3.29966865775281	0.469032708631404	3.57279997324984e-16
rs59390354	0.000160123716	0.464885661305161	0.996012867959961	-2.65471305455394	0.000757988872601	0.169	982	0.00362552403143074	3.36769686905477	0.861226744119314	3.89629386852743	1.2415808139735	7.73610011847209e-16
rs5996108	0.000105021504	6.25496930196366	0.997381337796078	16.5385475245785	0.00196722626126603	0.332	982	0.00229585243421336	3.09513606872983	0.907409820238907	3.15664672849693	19.6951942530754	7.99511232112345e-08
rs5996109	0.000104264521	6.00168724090672	0.997400163742053	14.9871480863618	0.00235538942350177	0.335	982	0.00228555703938998	3.0413256368309	0.907786739036863	3.00653441853916	17.993682504901	1.45836894013186e-08
rs5996110	0.000105021504	5.89738181145889	0.997381337796078	14.3714728913193	0.00235538942350177	0.335	982	0.00228555703938998	3.0413256368309	0.907786739036863	3.00653441853916	17.3780073098585	7.87921709009764e-09
rs5996111	0.000103897249	6.20587164083339	0.997409297945411	16.2286205725089	0.00203315506311798	0.332	982	0.00229585243421336	3.08534596452135	0.907409820238907	3.12919414998999	19.3578147224989	5.70561549554664e-08
rs5996113	0.000103897249	6.16902757178465	0.997409297945411	16.0012403564516	0.00203315506311798	0.334	982	0.00228895798245896	3.08534596452135	0.907662194430332	3.1290306534395	19.1302710098911	4.54445201645592e-08
rs5996115	0.000103897249	6.04918869682407	0.997409297945411	15.271028385997	0.00235538942350177	0.337	982	0.00227884657657219	3.0413256368309	0.908032580550913	3.00633660867441	18.2773649946714	1.93673029594339e-08
rs5996116	0.000103897249	6.02151277100984	0.997409297945411	15.1044272019398	0.00236302636005751	0.337	982	0.00227884657657219	3.04035093042045	0.908032580550913	3.0036452686002	18.10807247054	1.63510759998604e-08
rs5996120	0.000132411049	0.502584927064166	0.996700645549595	-2.73113511553616	0.000937387695195602	0.2028	982	0.00314936702429226	3.30867443877988	0.877214629846049	3.75291879713973	1.02178368160358	6.20962537220578e-16
rs5996130	0.000310534884	4.78612804640512	0.992296433552826	8.93224201529797	0.0705128968055943	0.08052	982	0.0068772128056378	1.80860174758432	0.765899751922075	0.526641547623989	9.45888356292196	2.86583591910366e-12
rs6002586	0.000105411289	6.38032552859839	0.997371644234231	17.3300802381173	0.00255401524174745	0.329	982	0.00230642904456943	3.01686737940514	0.907022931820397	2.93992832333959	20.2700085614569	1.42057200438964e-07
rs6002597	0.000103897249	5.97536887113915	0.997409297945411	14.8283528334969	0.00235538942350177	0.335	982	0.00228555703938998	3.0413256368309	0.907786739036863	3.00653441853916	17.8348872520361	1.24423812407911e-08
rs6002598	0.000108409744	5.46938920877354	0.997297081966302	11.9599696502758	0.00235538942350177	0.335	982	0.00228555703938998	3.0413256368309	0.907786739036863	3.00653441853916	14.9665040688149	7.06611198214095e-10
rs6002600	0.000103897249	6.03073894713048	0.997409297945411	15.1598812623327	0.00235538942350177	0.335	982	0.00228555703938998	3.0413256368309	0.907786739036863	3.00653441853916	18.1664156808719	1.73334284240082e-08
rs6002601	0.000103897249	6.03996425568083	0.997409297945411	15.2154149980065	0.00235538942350177	0.335	982	0.00228555703938998	3.0413256368309	0.907786739036863	3.00653441853916	18.2219494165456	1.83232482833607e-08
rs6002602	0.000103897249	6.08607779058694	0.997409297945411	15.4942780021188	0.00235538942350177	0.335	982	0.00228555703938998	3.0413256368309	0.907786739036863	3.00653441853916	18.500812420658	2.42164863581913e-08
rs6002603	0.000103897249	6.07685681744171	0.997409297945411	15.438346234345	0.00235538942350177	0.335	982	0.00228555703938998	3.0413256368309	0.907786739036863	3.00653441853916	18.4448806528842	2.28991979953792e-08
rs6002604	0.000104264521	6.02931697758836	0.997400163742053	15.1529227153411	0.00235538942350177	0.335	982	0.00228555703938998	3.0413256368309	0.907786739036863	3.00653441853916	18.1594571338802	1.72132316303195e-08
rs6002605	0.000103897249	6.01228572715574	0.997409297945411	15.0490528398001	0.00235538942350177	0.335	982	0.00228555703938998	3.0413256368309	0.907786739036863	3.00653441853916	18.0555872583393	1.55150185476631e-08
rs6002606	0.000105021504	5.9065671096831	0.997381337796078	14.4255423255188	0.00235538942350177	0.335	982	0.00228555703938998	3.0413256368309	0.907786739036863	3.00653441853916	17.432076744058	8.31696977772606e-09
rs6002607	9.041157225e-05	5.66073373244017	0.99774480807993	12.938560514919	1.17487725880003e-08	0.4602	982	0.00204964676766381	5.70333215063496	0.916510132016907	13.6646046986858	26.6031652136049	7.99683690529354e-05
rs6002608	9.041157225e-05	5.67069905762531	0.99774480807993	12.9948938914737	1.21939002262267e-08	0.4602	982	0.00204964676766381	5.6969929018884	0.916510132016907	13.6314868358887	26.6263807273624	8.18465934403309e-05
rs6002609	0.000105021504	6.20004106205969	0.997381337796078	16.1973773809777	0.00196722626126603	0.331	982	0.00229934640894378	3.09513606872983	0.907281975459058	3.15672426410049	19.3541016450782	5.68446938634432e-08
rs6002610	0.000103897249	6.04918869682407	0.997409297945411	15.271028385997	0.00235538942350177	0.335	982	0.00228555703938998	3.0413256368309	0.907786739036863	3.00653441853916	18.2775628045362	1.93711343819471e-08
rs6002614	0.000103897249	6.06763497754147	0.997409297945411	15.3824940271105	0.00235538942350177	0.337	982	0.00227884657657219	3.0413256368309	0.908032580550913	3.00633660867441	18.3888306357849	2.16510049375876e-08
rs6002618	0.000103897249	6.03073894713048	0.997409297945411	15.1598812623327	0.00235538942350177	0.337	982	0.00227884657657219	3.0413256368309	0.908032580550913	3.00633660867441	18.1662178710071	1.73300000399712e-08
rs6002621	0.000103897249	6.08607779058694	0.997409297945411	15.4942780021188	0.00235538942350177	0.337	982	0.00227884657657219	3.0413256368309	0.908032580550913	3.00633660867441	18.5006146107932	2.42116965720491e-08
rs6002623	0.000103897249	6.05841227072326	0.997409297945411	15.3267214033477	0.00235538942350177	0.337	982	0.00227884657657219	3.0413256368309	0.908032580550913	3.00633660867441	18.3330580120221	2.04765278464206e-08
rs6002624	0.000103897249	6.01228572715574	0.997409297945411	15.0490528398001	0.00235538942350177	0.337	982	0.00227884657657219	3.0413256368309	0.908032580550913	3.00633660867441	18.0553894484745	1.55119498274641e-08
rs6002625	0.000103897249	6.09529789714008	0.997409297945411	15.5502893075076	0.00197364088924666	0.332	982	0.00229585243421336	3.09417040916152	0.907409820238907	3.15393504176744	18.704224349275	2.96791738984573e-08
rs6002626	9.041157225e-05	5.68066343863263	0.99774480807993	13.0513210003155	1.29219783550539e-08	0.4583	982	0.00205092521116216	5.68709341114479	0.91646240646647	13.5793569621302	26.6306779624457	8.21990642757318e-05
rs6002633	0.000109223401	-6.47383489369389	0.99727685076552	17.9452216595435	0.00277311657563796	0.332	982	0.00229585243421336	2.99182888018596	0.907409820238907	2.87134472407133	20.8165663836148	2.45374991668311e-07
rs6002655	9.648543529e-05	-7.64124464024967	0.997593668516267	26.1092326906259	1.0111844732401e-06	0.4254	982	0.00208302944641648	4.88944932744318	0.915265551344807	9.70637969397393	35.8156123845998	0.801370239329742
rs61527837	0.000105021504	6.02589737270513	0.997381337796078	15.1356300261537	0.00235538942350177	0.335	982	0.00228555703938998	3.0413256368309	0.907786739036863	3.00653441853916	18.1421644446929	1.69181274917865e-08
rs61665536	0.000103897249	6.04918869682407	0.997409297945411	15.271028385997	0.00235538942350177	0.337	982	0.00227884657657219	3.0413256368309	0.908032580550913	3.00633660867441	18.2773649946714	1.93673029594339e-08
rs61736522	0.000412617969	2.05846023794666	0.98978987282347	-0.195189794144004	0.943512060905564	0.06163	982	0.00880424732434015	0.0708563785975373	0.718752307534494	-0.632455471631321	-0.827645265775325	9.7694162320889e-17
rs61736524	0.000317231721	4.86420227160444	0.99213160955109	9.31469610870941	0.0355778319503052	0.08151	982	0.00680100651843855	2.10171975590511	0.767891709994371	0.965699962840341	10.2803960715498	6.51672914743346e-12
rs62238588	0.0002903616	0.257649548197937	0.992793273912935	-2.43341781338673	0.152299137761022	0.09046	982	0.00618842496974648	1.43145750462583	0.784288437714078	0.0366246232011912	-2.39679319018554	2.03421254613873e-17
rs62240864	0.000158407396	1.15163246070654	0.996055436301595	-2.10719555441992	0.000197444629197475	0.1829	982	0.00340698012895425	3.72226373775457	0.868491807536204	5.00224133562401	2.89504578120409	4.04215341788566e-15
rs62240933	0.000429525625	0.0337638173352601	0.989375942003772	-2.2717531716482	0.00196333274542204	0.0666	982	0.00819061459332863	3.09572361014651	0.733123148498008	2.85246058015584	0.580707408507647	3.99492295826488e-16
rs6519306	0.000103897249	6.07685681744171	0.997409297945411	15.438346234345	0.00235538942350177	0.335	982	0.00228555703938998	3.0413256368309	0.907786739036863	3.00653441853916	18.4448806528842	2.28991979953792e-08
rs6519313	0.000123143409	-4.03700467765943	0.996930863373671	5.23051440663785	0.0447650566698755	0.2445	982	0.00275641867991973	2.00685544959072	0.890862647042226	0.686386720463811	5.91690112710166	8.29827637105296e-14
rs71329131	0.000280864081	-2.14626201084612	0.993027357098517	-0.195719694971122	0.666339632127386	0.1183	982	0.00488149592527252	0.431177060614644	0.82172281826403	-0.785823122214502	-0.981542817185625	8.37590525311155e-17
rs713811	0.000131974144	0.130473200185929	0.996711496336401	-2.85017767811626	0.000489756025204278	0.2117	982	0.00305102756923754	3.48629749606717	0.880590807513712	4.28886977277028	1.43869209465402	9.42163820555108e-16
rs714002	0.000131974144	0.130473200185929	0.996711496336401	-2.85017767811626	0.000489756025204278	0.2107	982	0.00306162417258515	3.48629749606717	0.880225757490451	4.28817755019417	1.43799987207791	9.41511859165359e-16
rs7286375	0.000107288164	5.83475273255751	0.997324970874089	14.0147374199917	0.00235538942350178	0.337	982	0.00227884657657219	3.0413256368309	0.908032580550913	3.0063366086744	17.0210740286661	5.51402730038551e-09
rs7287503	0.000310534884	5.16560539936238	0.992296433552826	10.8059246524564	0.0590148595609352	0.0825	982	0.00672664479498112	1.88808262109996	0.769845466622421	0.637691953549595	11.443616606006	2.08549873277994e-11
rs7291996	0.000103897249	6.01228572715574	0.997409297945411	15.0490528398001	0.00235538942350177	0.335	982	0.00228555703938998	3.0413256368309	0.907786739036863	3.00653441853916	18.0555872583393	1.55150185476631e-08
rs7292034	0.000117094041	-3.81484455414617	0.997081193346648	4.33699051936313	0.0923518364617398	0.2575	982	0.00266308375378433	1.6831201397289	0.894167035334697	0.143593332176687	4.48058385153982	1.97334594555694e-14
rs7292241	0.000103897249	6.21508049649383	0.997409297945411	16.2856637843881	0.00203315506311798	0.332	982	0.00229585243421336	3.08534596452135	0.907409820238907	3.12919414998999	19.4148579343781	6.04054401386167e-08
rs73167135	0.000280194121	4.2982555297559	0.99304387361793	6.68917682306563	0.0252596355421061	0.09245	982	0.00606849557967344	2.23740877506859	0.78758084888477	1.19671717353663	7.88589399660226	5.94443568851944e-13
rs73167200	0.0003154176	4.97103405784687	0.992176253682165	9.83362691673519	0.0424581595137892	0.08151	982	0.00680100651843855	2.02900128418836	0.767891709994371	0.850370413989631	10.6839973307248	9.75689139161283e-12
rs73169118	0.000316448521	4.59116019135561	0.992150883011554	8.03297403698539	0.0552737703868546	0.0835	982	0.00665333776898056	1.91671797523147	0.771781268350694	0.678962640173767	8.71193667715915	1.35786442680677e-12
rs73169123	0.000310534884	5.02554630458973	0.992296433552826	10.0977408059986	0.0705128968055943	0.08151	982	0.00680100651843855	1.80860174758432	0.767891709994371	0.525626733082868	10.6233675390814	9.18290912969704e-12
rs73421049	0.000105021504	5.9065671096831	0.997381337796078	14.4255423255188	0.00235538942350177	0.335	982	0.00228555703938998	3.0413256368309	0.907786739036863	3.00653441853916	17.432076744058	8.31696977772606e-09
rs7364289	0.000105021504	6.04424292936996	0.997381337796078	15.2460568178921	0.00235538942350177	0.337	982	0.00227884657657219	3.0413256368309	0.908032580550913	3.00633660867441	18.2523934265665	1.88896596067767e-08
rs7364293	0.000103897249	5.99382903559411	0.997409297945411	14.9385433022089	0.00235538942350177	0.337	982	0.00227884657657219	3.0413256368309	0.908032580550913	3.00633660867441	17.9448799108833	1.38890553613326e-08
rs742086	0.000113529025	-0.739650253484363	0.99716980710101	-2.66093812949127	0.0272712026191922	0.2654	982	0.00261160008466281	2.20761385316598	0.896000251841464	1.05167161124526	-1.60926651824601	4.4711044593455e-17
rs742089	9.717819241e-05	-5.83093952545699	0.997576433135926	13.9474699562897	1.13654518833174e-07	0.4294	982	0.00207809170651352	5.30341759906469	0.915449428241705	11.6388716325076	25.5863415887973	2.89279294340558e-05
rs75993207	0.000405659881	2.0140986915576	0.989960320356239	-0.292671716732692	0.799546020469538	0.05964	982	0.00907876415857042	0.253934681913788	0.712504133696237	-0.60030125960551	-0.892972976338202	9.15160251900059e-17
rs760648	0.000102475129	-6.73646066545363	0.997444668223835	19.6471841903964	4.6615429996214e-07	0.4443	982	0.00206225234693579	5.03974427418883	0.916039770383962	10.3945512757745	30.0417354661709	0.00249040698082071
rs764481	0.000103897249	6.02151277100984	0.997409297945411	15.1044272019398	0.00236302636005751	0.337	982	0.00227884657657219	3.04035093042045	0.908032580550913	3.0036452686002	18.10807247054	1.63510759998604e-08
rs78010544	0.000458174025	-2.22844003164776	0.988675365706893	0.214466281879414	0.213625201769631	0.0497	982	0.0107805619246385	1.24365870113724	0.676070315487752	-0.0407798327613097	0.173686449118104	2.65914152330405e-16
rs78518684	0.000473715225	-0.578866785045495	0.988295731628131	-2.05831843803869	0.291442453564562	0.05169	982	0.0103872755869506	1.05496254851112	0.684155181553799	-0.195538254361262	-2.25385669239996	2.34678260677903e-17
rs78548180	0.000303282225	3.99766533907879	0.992474999348518	5.48577213833013	0.0294484018267452	0.09145	982	0.00612810184000554	2.17743130836956	0.785941035341645	1.09240272645671	6.57817486478685	1.60759049621356e-13
rs79801871	0.000329858244	3.00012032177457	0.991820991732618	2.06046029574965	0.742103563340786	0.09245	982	0.00606849557967344	0.329068962438517	0.78758084888477	-0.731954773831525	1.32850552191812	8.43865054594574e-16
rs8137366	0.000131974144	0.434152290306317	0.996711496336401	-2.76472713207722	0.000729103496459832	0.2087	982	0.0030831517564856	3.37839469964845	0.879485069477259	3.96103292119649	1.19630578911927	7.3936585129645e-16
rs8138500	0.000103897249	6.06763497754147	0.997409297945411	15.3824940271105	0.00235538942350177	0.335	982	0.00228555703938998	3.0413256368309	0.907786739036863	3.00653441853916	18.3890284456497	2.16552881435622e-08
rs8138678	0.000103897249	6.00305781540493	0.997409297945411	14.9937581988937	0.00204133768486534	0.337	982	0.00227884657657219	3.08415127635918	0.908032580550913	3.12543755172638	18.1191957506201	1.65339688965413e-08
rs8141134	0.000119924401	-3.41528355898848	0.997010851770274	2.90826453728571	0.131116113480495	0.2604	982	0.00264375151849685	1.50971519049382	0.894854532087147	-0.106411137109167	2.80185340017654	3.68247541502358e-15
rs8141702	0.000103897249	6.20587164083339	0.997409297945411	16.2286205725089	0.00203315506311798	0.334	982	0.00228895798245896	3.08534596452135	0.907662194430332	3.1290306534395	19.3576512259484	5.70468272334926e-08
rs8142673	0.000458430921	0.0933166439060791	0.988669087985761	-2.23580569258451	0.00392438105828944	0.06561	982	0.00830539509193461	2.88417700372331	0.730391541249568	2.38248035172713	0.146674659142618	2.58827477863607e-16
rs8143153	0.000103897249	5.98459938755998	0.997409297945411	14.8834081727419	0.00204133768486534	0.337	982	0.00227884657657219	3.08415127635918	0.908032580550913	3.12543755172638	18.0088457244683	1.48065101565407e-08
rs9306356	0.000312829969	5.02777232964333	0.992239940256227	10.1117833622657	0.0424581595137892	0.08052	982	0.0068772128056378	2.02900128418836	0.765899751922075	0.850542823555948	10.9623261858217	1.28880780236213e-11
rs932376	0.0001096209	4.0394376494987	0.997266967437231	5.18505900996615	3.85874888816634e-05	0.2803	982	0.00252396841654898	4.11577841493119	0.899137963470262	6.4685322561467	11.6535912661128	2.5727688361847e-11
rs9607871	0.000150111504	0.504477560813018	0.996261243160307	-2.66772800696469	0.000515649270147822	0.1918	982	0.00328466488468499	3.4724925778805	0.872611689957005	4.23080754307684	1.56307953611215	1.06695770152661e-15
rs9607882	0.000133679844	0.284947842019556	0.996669135635715	-2.81179930879316	0.000351911412089576	0.2048	982	0.00312645507720457	3.57374518336046	0.877998924635283	4.55488680802012	1.74308749922695	1.27739045795056e-15
rs9607885	0.000132411049	0.329607911592618	0.996700645549595	-2.80287276087817	0.000410923856852668	0.2068	982	0.00310402547286669	3.53296693839368	0.878768068085383	4.42930308491874	1.62643032404057	1.13673727223245e-15
rs9611734	0.000133679844	-0.125501839414867	0.996669135635715	-2.84441259580271	0.000824406181886431	0.2028	982	0.00314936702429226	3.34446773532438	0.877214629846049	3.85736781800078	1.01295522219807	6.15504523047195e-16
rs9611746	0.000131125401	0.687185257068832	0.996732576031951	-2.62653637949524	0.000481270910591169	0.2127	982	0.00304054037828251	3.49096965579588	0.880952386549036	4.30390984927277	1.67737346977753	1.19614664724913e-15
rs9620018	0.000356378884	-1.38841582901193	0.991169205616183	-1.40941744959155	0.0945783191339762	0.09245	982	0.00606849557967344	1.67172623115967	0.78758084888477	0.3259168168222	-1.08350063276935	7.56400904211439e-17
rs9620026	0.000103897249	6.03996425568083	0.997409297945411	15.2154149980065	0.00235538942350177	0.335	982	0.00228555703938998	3.0413256368309	0.907786739036863	3.00653441853916	18.2219494165456	1.83232482833607e-08
rs9623522	0.000369100944	-0.865473320661035	0.990856845077823	-1.97627716639167	0.0936813008812011	0.08449	982	0.00658248857562769	1.67629052010926	0.773661440336846	0.34411327194317	-1.6321638944485	4.36989108095689e-17
rs9623534	0.000313892089	5.02958599490748	0.992213798451734	10.1221838283097	0.0424581595137892	0.08151	982	0.00680100651843855	2.02900128418836	0.767891709994371	0.850370413989631	10.9725542422993	1.30205744489253e-11
rs9623538	0.000416690569	-1.29960306404096	0.989690136348779	-1.4515495564761	0.273348180914491	0.0825	982	0.00672664479498112	1.09538459331612	0.769845466622421	-0.272645913691816	-1.72419547016792	3.98567430537148e-17
rs9623543	0.000416690569	-1.49921852731973	0.989690136348779	-1.17508552108445	0.248706496561977	0.0825	982	0.00672664479498112	1.15349688214329	0.769845466622421	-0.222341266305398	-1.39742678738985	5.52606059340937e-17
